session_id,final_pnl,max_drawdown,max_position_osmium,max_position_pepper,trades_osmium,trades_pepper
0,-258.39045412745327,952.5874646866578,0,80,0,1
1,-1550.046602999093,1680.3737332188757,0,80,0,1
2,-1467.3078859483358,1723.1282344756182,0,80,0,1
3,-143.62512195471209,1245.9479040356819,0,80,0,1
4,-1047.073643694981,1598.0120263708523,0,80,0,1
5,704.9316215020372,1048.4896309658652,0,80,0,1
6,-640.6083427601261,986.3221010326524,0,80,0,1
7,-2190.7032043557847,2218.174118206138,0,80,0,1
8,-687.6714134991635,1301.1555118475808,0,80,0,1
9,11.64353712904267,1354.9349677720456,0,80,0,1
10,264.1785316129681,975.1428039467428,0,80,0,1
11,-286.24514240934514,1443.9708336935146,0,80,0,1
12,-580.8395560319768,1296.246301142266,0,80,0,1
13,-793.7934856080683,1393.8770547316526,0,80,0,1
14,896.4418385405443,1446.910826259409,0,80,0,1
15,-900.9140674425289,1413.9823670806363,0,80,0,1
16,-986.9466569274082,2622.833809148986,0,80,0,1
17,-683.8070246962598,2247.899452060985,0,80,0,1
18,-434.397801753832,845.2837687340216,0,80,0,1
19,-18.291203500062693,2113.5515915650176,0,80,0,1
20,-39.64188205898972,1090.7342278771102,0,80,0,1
21,-1267.7940301448689,1442.2439581769286,0,80,0,1
22,546.9106887278613,883.9084880804294,0,80,0,1
23,-189.18906639376655,1748.4272440008353,0,80,0,1
24,514.8587143034674,956.9977496826323,0,80,0,1
25,673.8563375151716,1080.618935415987,0,80,0,1
26,-527.7010258241207,1428.8793363228324,0,80,0,1
27,227.97742768167518,1217.9757016958902,0,80,0,1
28,-104.36903072125278,1131.8572886960465,0,80,0,1
29,-6.869320176192559,1215.0107663047966,0,80,0,1
30,810.2824824886629,1119.3354562774766,0,80,0,1
31,-341.3024092616979,1745.8240297060693,0,80,0,1
32,-1303.9383703424828,1911.0486782726366,0,80,0,1
33,-608.5025798564893,1530.108482254669,0,80,0,1
34,-1018.0369719022419,1855.763850626885,0,80,0,1
35,-1058.9723217359278,1541.880670517101,0,80,0,1
36,-465.0258323698072,1429.375262042624,0,80,0,1
37,-1262.4680385576212,1974.9712617432815,0,80,0,1
38,-418.64846580382437,1269.6177725354792,0,80,0,1
39,-336.4883885253803,1253.3809810667299,0,80,0,1
40,-572.3931156742037,1550.0721326918574,0,80,0,1
41,-326.55316148191923,1803.7812261739164,0,80,0,1
42,-211.603865142446,1173.4354828103096,0,80,0,1
43,-55.486945938377175,972.6588627460296,0,80,0,1
44,-1085.4331843137043,1780.3594935587025,0,80,0,1
45,-976.7397467200644,1443.0178210068261,0,80,0,1
46,-745.3964279225911,1906.9498149002902,0,80,0,1
47,-1346.188680884894,1898.3972924545524,0,80,0,1
48,-977.448216662393,1674.1793467128882,0,80,0,1
49,-681.9114266569959,1453.8386633105692,0,80,0,1
50,-1059.7318111459026,1955.6595255572465,0,80,0,1
51,-1013.7276749545126,1499.2332652170444,0,80,0,1
52,-242.23008958098944,1341.992316451855,0,80,0,1
53,-440.84107577311806,1810.9822984432103,0,80,0,1
54,-1418.4864885610878,2140.917500790558,0,80,0,1
55,671.6725751948543,997.3402511052554,0,80,0,1
56,31.243214845540933,1267.3829890818452,0,80,0,1
57,-948.0176353189745,2101.831070421904,0,80,0,1
58,-258.01538107695524,1610.2903136936948,0,80,0,1
59,-1428.9156434985343,1562.2823557460797,0,80,0,1
60,-1516.967126057134,2181.4372066335636,0,80,0,1
61,-279.5355986858485,1647.6385920058237,0,80,0,1
62,-57.807863981928676,1348.7671752373572,0,80,0,1
63,-1146.2171975369565,1378.1432433336158,0,80,0,1
64,-234.90699658880476,1551.3196557922056,0,80,0,1
65,-1782.6458049316425,1782.6458049316425,0,80,0,1
66,431.7659557858715,1207.7920844626497,0,80,0,1
67,-378.3563043792965,2009.1062331340509,0,80,0,1
68,-1751.906509399123,2513.63461671758,0,80,0,1
69,278.38450126268435,1326.0643170707626,0,80,0,1
70,-619.9086037750822,2171.0485684247687,0,80,0,1
71,-402.91576310794335,1726.2711567119695,0,80,0,1
72,-780.9624968557036,2444.5071868235245,0,80,0,1
73,-86.56027309008641,987.5307306743343,0,80,0,1
74,-1250.028951626271,2103.146220584342,0,80,0,1
75,-11.595925530535169,1224.4358405707171,0,80,0,1
76,-1215.5782462093048,1365.7197203544783,0,80,0,1
77,-666.3007926931605,1893.5831736064865,0,80,0,1
78,251.10448084457312,1230.2409483600059,0,80,0,1
79,-98.62577371828957,1527.4884329181514,0,80,0,1
80,-960.5703999328543,1782.0319111248245,0,80,0,1
81,-1420.6716547503602,1998.0578230886604,0,80,0,1
82,-1743.5018230162095,2255.9867778474,0,80,0,1
83,-430.7901866873726,1288.785893079592,0,80,0,1
84,-1255.1640259407577,1825.634582131228,0,80,0,1
85,431.36721424752614,1361.8471192172728,0,80,0,1
86,-832.9722369720694,1768.0188094401965,0,80,0,1
87,-907.585480028938,1716.7606465767603,0,80,0,1
88,-249.55802688654512,891.3136240321328,0,80,0,1
89,-34.40358323347755,1040.0283250618377,0,80,0,1
90,-891.1509058041847,1682.2091825672542,0,80,0,1
91,-422.7951333131641,1572.4053140589967,0,80,0,1
92,788.4448807997978,1398.0506802204764,0,80,0,1
93,-229.3007877441123,1422.8406835646601,0,80,0,1
94,146.29833722609328,1450.468727329222,0,80,0,1
95,-216.8631785560865,1151.4918411216931,0,80,0,1
96,396.9741751649417,1352.7639372659032,0,80,0,1
97,-2038.456772860256,2550.1302390382625,0,80,0,1
98,-337.8237961156992,1789.1918557450408,0,80,0,1
99,1239.9510965967202,600.7520284992061,0,80,0,1
100,-1427.7211696993327,1990.8300615553744,0,80,0,1
101,-254.97894135385286,1953.3558673539083,0,80,0,1
102,-1357.0752515413915,1596.28423417476,0,80,0,1
103,-323.4173860405572,1813.3942921061534,0,80,0,1
104,-1002.4214950253954,2081.842866462015,0,80,0,1
105,30.475265081506222,1073.030085819948,0,80,0,1
106,-1079.4016207233653,1515.4835089046392,0,80,0,1
107,-578.9712009570212,1196.7225484456867,0,80,0,1
108,-2360.9892691150308,2551.377878577041,0,80,0,1
109,50.61214485781966,1373.2826347496593,0,80,0,1
110,202.65561080625048,1398.15143632947,0,80,0,1
111,745.5580571320024,889.5570167701808,0,80,0,1
112,-714.1421569102677,1431.0316460559843,0,80,0,1
113,255.8127645312925,1219.091892046039,0,80,0,1
114,-73.20430651766947,1222.653162950417,0,80,0,1
115,-1673.8921700585634,1771.3277389691211,0,80,0,1
116,-1093.7522941757343,1369.6902410772745,0,80,0,1
117,-838.4885117230006,1751.776726229291,0,80,0,1
118,-234.44822437071707,1745.1800955504877,0,80,0,1
119,-645.2355361101218,1484.0594654227025,0,80,0,1
120,563.4011380094453,1182.4279674525023,0,80,0,1
121,-13.423363413836341,934.6072320976527,0,80,0,1
122,-719.6168122251402,1390.7270681671798,0,80,0,1
123,374.10613085806835,1282.2186380142812,0,80,0,1
124,-728.2233341312967,2131.6555279659224,0,80,0,1
125,-799.9220378515311,2090.345841784496,0,80,0,1
126,-186.59678275004262,866.7553976813215,0,80,0,1
127,-1065.8997161142179,1528.5996108299587,0,80,0,1
128,-415.83422728360165,1190.9356152638793,0,80,0,1
129,-1960.4002167776925,2360.1462934329757,0,80,0,1
130,54.61886061413679,1091.6374193499796,0,80,0,1
131,-1011.1948403769056,1704.8447477916488,0,80,0,1
132,-307.56012108532013,2119.0655906150932,0,80,0,1
133,-200.70424710895168,1476.7513634437346,0,80,0,1
134,-167.83852061931975,1575.6349081851658,0,80,0,1
135,-707.6047560468432,1556.8702165333088,0,80,0,1
136,-107.86885410232935,1469.4718575227307,0,80,0,1
137,-1779.5619207742275,2261.47183086077,0,80,0,1
138,2523.0428782960516,590.3001471654279,0,80,0,1
139,1789.0987987846602,907.5680195412715,0,80,0,1
140,297.4106852171826,1052.9161407276406,0,80,0,1
141,-2217.0962415355025,2585.012131583877,0,80,0,1
142,1193.8265100415447,1045.9259308566106,0,80,0,1
143,-3.9929265131941065,2479.875784745789,0,80,0,1
144,474.4938629522803,1114.0862057897612,0,80,0,1
145,-475.1265435613459,1206.196494811331,0,80,0,1
146,-1147.8267712955712,1212.055610852025,0,80,0,1
147,-811.4879149888875,2247.253357889829,0,80,0,1
148,173.40099684830057,1240.0986766741844,0,80,0,1
149,-442.8983645956032,1162.6464580859756,0,80,0,1
150,-1635.8288805242046,2319.8195532091777,0,80,0,1
151,-380.6394684193074,1241.767296640959,0,80,0,1
152,-1064.5902916934574,1676.597554410575,0,80,0,1
153,-762.586667264055,1340.5232376771746,0,80,0,1
154,949.5911851947894,1275.8892380509642,0,80,0,1
155,74.46262784337159,1495.3011747468845,0,80,0,1
156,-559.2707590551581,1510.7955038189539,0,80,0,1
157,-902.5111336056143,1247.5260142797488,0,80,0,1
158,-482.93113509129034,1831.2200853577815,0,80,0,1
159,-503.55027289071586,1274.9493621621514,0,80,0,1
160,-323.2268524916144,1207.9857079298235,0,80,0,1
161,-991.993499637174,1435.619414719229,0,80,0,1
162,-1222.0925420690328,2171.869913956616,0,80,0,1
163,320.4432374488679,924.0166677426314,0,80,0,1
164,-260.80797746015014,1286.1518087693257,0,80,0,1
165,306.4883496554103,1490.9578096915502,0,80,0,1
166,-1183.0700892692548,2388.885489815788,0,80,0,1
167,-920.2809682406951,1745.558327693434,0,80,0,1
168,-1519.3125457496499,2100.9827333862777,0,80,0,1
169,-531.7410477969679,1413.1341916876845,0,80,0,1
170,-1264.0510853118612,1304.492311185808,0,80,0,1
171,178.44596401799936,1065.5404418649268,0,80,0,1
172,-710.6375096396077,1157.9779038999113,0,80,0,1
173,285.3801821695524,1976.6007817797363,0,80,0,1
174,-313.4285906252917,1696.1479754541651,0,80,0,1
175,-1631.8532288641436,1914.1827597741503,0,80,0,1
176,1257.078749012784,849.6373516400927,0,80,0,1
177,-1304.1795305738924,1499.1484418444452,0,80,0,1
178,-1062.102354777453,1954.3794989336166,0,80,0,1
179,-1491.146046682028,1940.0862707789056,0,80,0,1
180,-390.3222164575709,1148.4143642985146,0,80,0,1
181,959.4843990452355,895.1192840095609,0,80,0,1
182,-413.92623738216935,1035.726831496926,0,80,0,1
183,-534.1247648308636,1332.9689561700798,0,80,0,1
184,-1963.9179586800747,2459.536966253654,0,80,0,1
185,-445.71576015802566,1647.2579831111943,0,80,0,1
186,537.4287749025971,1030.5962750225444,0,80,0,1
187,-414.53819139499683,1640.5902459626668,0,80,0,1
188,-16.268028492864687,2231.474053386424,0,80,0,1
189,-2114.8380004643113,2947.3534692469984,0,80,0,1
190,-204.88696408027317,1424.0582642256632,0,80,0,1
191,925.0445453985594,854.2372976409388,0,80,0,1
192,-2018.1476819464006,2611.1843709021923,0,80,0,1
193,-1992.8291450712131,2837.680315950245,0,80,0,1
194,-195.54438257054426,1370.0469637743663,0,80,0,1
195,1061.4144109308836,1030.2381013689446,0,80,0,1
196,-533.2100733253174,1057.7086223432561,0,80,0,1
197,-1262.0064101275057,2268.0612411176553,0,80,0,1
198,269.8907710859785,909.4838785082684,0,80,0,1
199,384.4463808728615,1511.475336282514,0,80,0,1
200,-188.53527064080117,1526.3634676592774,0,80,0,1
201,-1219.8568316487945,1790.6075249772985,0,80,0,1
202,-947.9422995892819,1503.19129009702,0,80,0,1
203,-470.8391109269578,1673.3666642184835,0,80,0,1
204,252.95632741239388,898.8440863848664,0,80,0,1
205,-1208.7741597956046,1899.5058394072112,0,80,0,1
206,577.3067334868247,1362.5562280572485,0,80,0,1
207,593.8170505783637,1261.4465635917732,0,80,0,1
208,-226.82822743465658,1143.7308833742281,0,80,0,1
209,-298.86147866316605,1247.5072263141046,0,80,0,1
210,-872.7428318400052,1594.7967391076963,0,80,0,1
211,706.5161927409936,998.598297377408,0,80,0,1
212,-510.61366843699943,1810.0624308750266,0,80,0,1
213,-926.2731256783591,1997.1443630109425,0,80,0,1
214,-500.52371164778015,1370.4269037063932,0,80,0,1
215,348.1106076585129,1446.965932558407,0,80,0,1
216,-1982.9113438140485,2076.4636659729877,0,80,0,1
217,176.88551229063887,1455.3294707376044,0,80,0,1
218,-1189.7930598864914,2117.550200868922,0,80,0,1
219,-1429.1183493943536,1773.530074610433,0,80,0,1
220,-772.768196887977,1059.0655547436327,0,80,0,1
221,707.1736970389029,922.4016745177214,0,80,0,1
222,636.8603037266294,969.3279862342752,0,80,0,1
223,-1262.9001506729983,2590.2653883174644,0,80,0,1
224,-615.0529564399621,1578.0192068883334,0,80,0,1
225,830.4987088479684,1423.241288114863,0,80,0,1
226,238.53189880691934,1403.4844372553634,0,80,0,1
227,135.48320343944943,1344.0189156032866,0,80,0,1
228,1067.3081887436565,906.7827311165165,0,80,0,1
229,-1740.3626909092418,1883.2953648808761,0,80,0,1
230,-2023.0179737784201,2168.8456468038494,0,80,0,1
231,-856.7926566067035,1505.360821490991,0,80,0,1
232,-1882.2998662715545,2396.6479999085423,0,80,0,1
233,-148.76871299673803,1225.6454897748772,0,80,0,1
234,-797.1064788574586,1958.2382445665426,0,80,0,1
235,-459.0594074440887,1762.1697190201958,0,80,0,1
236,84.91430541157024,1091.5962380947312,0,80,0,1
237,-875.2951022639172,1412.0668517324375,0,80,0,1
238,-2144.372066621494,2485.422306404216,0,80,0,1
239,-1050.9554637858528,2144.8709911483456,0,80,0,1
240,538.8076623916859,1248.8424591782386,0,80,0,1
241,-1153.1476542892633,1813.391060254944,0,80,0,1
242,-1224.4388061751379,2183.4040647911606,0,80,0,1
243,-276.06977012421703,2032.4444796353346,0,80,0,1
244,93.59499281190801,1619.6103924151394,0,80,0,1
245,-1782.4159790728008,2513.859720059554,0,80,0,1
246,-609.5067413772922,1982.556233130279,0,80,0,1
247,1008.2697393249837,749.5107638537884,0,80,0,1
248,-558.1435759967426,1370.2074444781756,0,80,0,1
249,307.74808486917755,2197.8009889729437,0,80,0,1
250,-1036.6251620562398,2261.9043578886776,0,80,0,1
251,391.931631721789,803.1420984089491,0,80,0,1
252,-928.7078273835359,2089.927898840513,0,80,0,1
253,-566.2997808827786,1161.2575434400933,0,80,0,1
254,-29.29864827723941,980.5387228652253,0,80,0,1
255,-80.90257764863782,1296.1868422863772,0,80,0,1
256,751.3174027082277,941.778099241259,0,80,0,1
257,224.00011168647325,1565.7150705554523,0,80,0,1
258,-664.5030078368145,1305.18856293516,0,80,0,1
259,-950.8610727853957,1611.081699292874,0,80,0,1
260,-593.6954968019854,1756.8132090509753,0,80,0,1
261,-47.80074018565938,1005.5384882443468,0,80,0,1
262,-126.09705508017214,1869.7154510137625,0,80,0,1
263,-1378.813711578725,2297.735898820043,0,80,0,1
264,-882.4438450724701,1468.3966805349337,0,80,0,1
265,-801.9976566527621,1858.3112937606638,0,80,0,1
266,598.0631604441442,1087.4438582756557,0,80,0,1
267,-1360.8824562055524,2486.2113156641717,0,80,0,1
268,250.22044029366225,1655.4790216428228,0,80,0,1
269,-949.0341108576395,1603.2150762865786,0,80,0,1
270,-1614.4149036022136,2087.1311087324866,0,80,0,1
271,41.51498376968084,801.574629306444,0,80,0,1
272,-477.6091513817664,1416.7293909272994,0,80,0,1
273,-1144.6272406569333,1227.6403466091142,0,80,0,1
274,-141.80055818875553,1842.0513706438942,0,80,0,1
275,13.626903890923131,1304.242135838489,0,80,0,1
276,-1730.0876518451842,2030.4498478047317,0,80,0,1
277,932.982471717638,1000.2594944124576,0,80,0,1
278,-541.8537917069625,1047.3041916057118,0,80,0,1
279,-1468.6223909584223,2376.348009226029,0,80,0,1
280,547.5237085404806,860.6622451939038,0,80,0,1
281,-725.4686221352313,1750.996515198378,0,80,0,1
282,-340.9003725970979,1532.942850777239,0,80,0,1
283,-406.0263269537827,1195.1976450038492,0,80,0,1
284,-252.6133893141523,932.9692233516253,0,80,0,1
285,-82.36589485558216,1372.3266973525751,0,80,0,1
286,-330.14757492765784,1476.4182593809674,0,80,0,1
287,-788.5042522128206,1500.712800202542,0,80,0,1
288,69.89982027962105,1309.4216038802406,0,80,0,1
289,129.09207501634955,1519.5876094435225,0,80,0,1
290,-176.91099914029473,1552.1821312430548,0,80,0,1
291,-434.2433397703571,946.8432969279238,0,80,0,1
292,-765.1175338081666,1691.1826335560763,0,80,0,1
293,-602.9892550192308,1219.8431666440447,0,80,0,1
294,-239.21952129987767,1134.6808852595277,0,80,0,1
295,235.66007143998286,1183.2364921129192,0,80,0,1
296,-358.88762512791436,1645.4669253432658,0,80,0,1
297,-2085.597382017586,2178.5165805151337,0,80,0,1
298,-1316.4489846219658,1950.833420936542,0,80,0,1
299,-1160.2158740555751,1768.3819363038056,0,80,0,1
300,-1181.9267110048677,1494.987276303582,0,80,0,1
301,367.7584441227955,1311.0079628156382,0,80,0,1
302,167.61040300060995,1539.1320100297453,0,80,0,1
303,-625.4499990816694,1590.106806259486,0,80,0,1
304,-133.7913599453168,1381.8996549831936,0,80,0,1
305,-515.5532776035834,1216.6660351215396,0,80,0,1
306,235.51325888349675,1299.369774291641,0,80,0,1
307,-1886.6635707070818,1947.6723639466218,0,80,0,1
308,951.5843486070517,1605.7104734652676,0,80,0,1
309,-658.7057373515563,1475.8728144873166,0,80,0,1
310,-865.2272009381559,1657.8683453385602,0,80,0,1
311,-819.1578599723871,1277.4489487768733,0,80,0,1
312,-247.37071776442463,1486.2588110690704,0,80,0,1
313,416.59285469469614,1081.9247331373626,0,80,0,1
314,-1213.9450855579926,2027.727080742654,0,80,0,1
315,-711.4575972816092,1407.846410772705,0,80,0,1
316,-658.7089965727646,2221.396558024804,0,80,0,1
317,-2050.529704200162,2441.6145759372157,0,80,0,1
318,-2264.1820963605423,2264.1820963605423,0,80,0,1
319,-704.5259776536259,1795.5068301050924,0,80,0,1
320,422.25216599111445,1435.0885199120385,0,80,0,1
321,-739.9179795681266,1683.1849815188907,0,80,0,1
322,62.386855434742756,1004.2426213865983,0,80,0,1
323,616.8967563533224,790.0775467370404,0,80,0,1
324,-1213.8209238101845,1874.8521442174679,0,80,0,1
325,-284.28895069722785,1239.2674586173962,0,80,0,1
326,-478.9940966698341,1646.5772717571817,0,80,0,1
327,-162.447508534824,1958.7457654988393,0,80,0,1
328,-1945.1748284267378,2141.2210292154923,0,80,0,1
329,-144.45109778968617,1126.7447843922419,0,80,0,1
330,142.83630120183807,1368.348634326714,0,80,0,1
331,-930.6623398969532,2320.6249363633688,0,80,0,1
332,-1289.446223483188,1587.346982342482,0,80,0,1
333,132.64414564933395,1611.1015379184391,0,80,0,1
334,297.83292360580526,1741.3120822191704,0,80,0,1
335,-32.77271923562512,1197.9524493062636,0,80,0,1
336,-848.386093924637,1650.1841018397827,0,80,0,1
337,-703.9692717089783,1121.1425925325602,0,80,0,1
338,30.801586319808848,1336.9121868843795,0,80,0,1
339,801.135304987547,902.7560532692587,0,80,0,1
340,-305.36554150108714,983.560877099575,0,80,0,1
341,-1321.9877365165157,2036.8872675268212,0,80,0,1
342,-845.9433266746928,1529.8277679770254,0,80,0,1
343,744.7707660237211,813.6555483153788,0,80,0,1
344,-1094.6955442334875,2215.6854855553247,0,80,0,1
345,-1153.2456552882213,1668.4484069710015,0,80,0,1
346,6.314344614744186,1841.790507584752,0,80,0,1
347,898.4285186266061,638.7931892889901,0,80,0,1
348,858.6573927168502,1507.8593515112298,0,80,0,1
349,-1130.1502859988832,1810.177416262566,0,80,0,1
350,215.14790600579,1602.2339779581525,0,80,0,1
351,1236.4341243237723,887.8141675884835,0,80,0,1
352,-1752.382534532284,2446.273385367589,0,80,0,1
353,-1383.7456188149517,2243.505756653496,0,80,0,1
354,-289.2256252449006,1548.0951271587983,0,80,0,1
355,374.7409291516524,1832.5466126671527,0,80,0,1
356,430.01994863612344,915.2960920238984,0,80,0,1
357,-230.46638278401224,1268.891247872787,0,80,0,1
358,731.9925047948491,1137.1668132379418,0,80,0,1
359,-1341.4261834788485,1579.5637380777043,0,80,0,1
360,217.97505655803252,947.0002331575379,0,80,0,1
361,800.1764729010174,1704.3060478343978,0,80,0,1
362,-213.43101137760095,1155.8030199945206,0,80,0,1
363,-185.58470594475511,1649.5237631616183,0,80,0,1
364,118.79504581179935,962.7404678755556,0,80,0,1
365,-571.4286394489463,1391.300401365792,0,80,0,1
366,-679.0035379065666,1336.8367069350206,0,80,0,1
367,130.03265011234907,1593.8141717624385,0,80,0,1
368,-2099.8532818609965,2750.758649093972,0,80,0,1
369,-2124.3144777715206,2152.2366855316213,0,80,0,1
370,659.0646189573454,1046.924522232206,0,80,0,1
371,-310.6776224289206,990.8237615572289,0,80,0,1
372,74.88588437694125,925.3145566669991,0,80,0,1
373,-1197.0680345593719,1710.2018007559818,0,80,0,1
374,-790.6447512265877,1643.74833900854,0,80,0,1
375,-913.808124223724,2308.2576891943463,0,80,0,1
376,-1124.6512324527139,2097.0887610741775,0,80,0,1
377,-834.4407185486052,1392.697889637784,0,80,0,1
378,606.5193559583859,1274.5846958778566,0,80,0,1
379,-895.4328881652909,1161.1245303152245,0,80,0,1
380,-649.6811404114706,2380.594598916534,0,80,0,1
381,-605.7867283016676,1463.068819319713,0,80,0,1
382,972.0002926518209,806.4157396181254,0,80,0,1
383,-368.64593221229734,1458.738392953237,0,80,0,1
384,-2079.4237973006675,2354.000439244788,0,80,0,1
385,-33.7482357256813,1195.906116178725,0,80,0,1
386,668.2107518691919,1222.6102156747365,0,80,0,1
387,-1392.805102133134,1769.0291506371577,0,80,0,1
388,-2094.869883444684,2145.074020302214,0,80,0,1
389,-870.7627685681218,2341.32482765679,0,80,0,1
390,-1378.402813842462,1928.2840907392674,0,80,0,1
391,-1160.1893049958744,2034.2847016977612,0,80,0,1
392,1724.8530398961739,966.9017511166749,0,80,0,1
393,592.1153081824887,1333.4463364708354,0,80,0,1
394,-1287.9462247752235,2253.643270630506,0,80,0,1
395,-1165.350780257606,1243.0650327518233,0,80,0,1
396,-12.332214591908269,1322.765671300469,0,80,0,1
397,-295.87022213911405,1358.2923828047933,0,80,0,1
398,425.4630297573167,978.4456565443543,0,80,0,1
399,-665.7666819542064,1227.5660554384813,0,80,0,1
400,1258.6266653537168,588.7176549345022,0,80,0,1
401,-1396.3934702675906,2413.9696120048175,0,80,0,1
402,32.98248415987473,855.7384379733703,0,80,0,1
403,643.6657488979981,1376.7967285274062,0,80,0,1
404,-1120.600689922343,1734.4698928014259,0,80,0,1
405,36.37114307342563,1173.9708323584637,0,80,0,1
406,-1111.2048788955435,1590.0901493023266,0,80,0,1
407,-590.0302595359972,1092.5975813945988,0,80,0,1
408,-853.5382716500317,1510.5309869483463,0,80,0,1
409,-822.015222688904,1396.7012618259178,0,80,0,1
410,448.3121904069558,1254.3199599004001,0,80,0,1
411,-840.0745119456551,1106.2860445690458,0,80,0,1
412,-565.7207440409111,1300.9327735417755,0,80,0,1
413,-835.0651071736356,1352.5215933369473,0,80,0,1
414,73.30294713407056,873.0102732886444,0,80,0,1
415,-625.7831963631907,1275.712794883817,0,80,0,1
416,-76.65037708351156,942.2632566777756,0,80,0,1
417,-639.3777180818142,1588.922344555147,0,80,0,1
418,-733.7550708267372,1068.9356829928001,0,80,0,1
419,-720.5068190441234,1572.404367982177,0,80,0,1
420,-1259.7693393217633,1396.238378371636,0,80,0,1
421,939.9269070876762,738.2361978497938,0,80,0,1
422,-478.82776215067133,1216.079288090521,0,80,0,1
423,-702.0938213646878,1621.0588444232708,0,80,0,1
424,-1867.6530369872926,1946.7202112956438,0,80,0,1
425,-188.72620127600385,2110.3717118776985,0,80,0,1
426,1541.585520625813,1140.585317753139,0,80,0,1
427,-392.4371988635976,1456.5236028794898,0,80,0,1
428,-204.26250873605022,1134.5717143530492,0,80,0,1
429,-60.14263195428066,1607.0890339589096,0,80,0,1
430,-234.21629063191358,1260.872675188526,0,80,0,1
431,124.72004042600747,1059.0952502272557,0,80,0,1
432,-1234.5031510492554,2319.3432231241604,0,80,0,1
433,335.79876451869495,1003.687550339615,0,80,0,1
434,-955.8343760675634,1858.3297453744453,0,80,0,1
435,-409.0618564550532,1632.836754249758,0,80,0,1
436,-70.97743338881992,1095.9994648824213,0,80,0,1
437,-619.7760839845287,1588.6960393445916,0,80,0,1
438,-623.7027256860165,1453.4174553065095,0,80,0,1
439,-906.6064689998748,1777.1866531004198,0,80,0,1
440,1514.8752379646758,1295.5264177715871,0,80,0,1
441,848.5997132393532,711.9595551660168,0,80,0,1
442,337.0451201561955,851.4924301704159,0,80,0,1
443,-1244.0934100120794,2115.0359833020484,0,80,0,1
444,-447.9642537570908,1222.3415747692343,0,80,0,1
445,-425.51936619053595,882.325846835156,0,80,0,1
446,-1207.5855338914553,2219.6836312051164,0,80,0,1
447,-1638.0199543806375,2259.4156210701913,0,80,0,1
448,542.7122849069419,1307.6220376545098,0,80,0,1
449,-455.55485049902927,1156.7859463774948,0,80,0,1
450,-2051.242636063602,2871.6384034386138,0,80,0,1
451,1249.263390975655,1144.5762479928671,0,80,0,1
452,627.6625785171054,849.0162770785391,0,80,0,1
453,-832.3637147902045,1268.319327645062,0,80,0,1
454,170.71366498741554,1409.0165764045669,0,80,0,1
455,-36.294077166356146,1776.2772668313119,0,80,0,1
456,-1804.2655656682327,2139.8873740831623,0,80,0,1
457,5.9024343531928025,948.5348479543463,0,80,0,1
458,-1045.106276272505,1654.6867925254046,0,80,0,1
459,678.6719591239817,672.7783196959645,0,80,0,1
460,-1020.9578897740575,1444.0895216550562,0,80,0,1
461,551.5953636897029,751.6618440040038,0,80,0,1
462,-2064.7126191906864,2195.74687691452,0,80,0,1
463,-1230.404671995435,2280.070413393958,0,80,0,1
464,-1385.090862556186,1871.4423727459507,0,80,0,1
465,435.0296436281642,1006.5651963555138,0,80,0,1
466,-446.97313574212603,1008.72187992814,0,80,0,1
467,-829.0603104160982,2191.0597067739,0,80,0,1
468,-1074.08817024756,2245.2120477097924,0,80,0,1
469,-1553.3861693007639,1762.004485942016,0,80,0,1
470,-1586.839183444099,2477.77905697003,0,80,0,1
471,-44.43696930358419,852.6008392572403,0,80,0,1
472,-15.622859219147358,1826.7473881092155,0,80,0,1
473,-769.5749926496064,1743.4398586235475,0,80,0,1
474,-1066.6422861948959,2432.1510309554287,0,80,0,1
475,-2573.0235750093707,3539.747277144983,0,80,0,1
476,-1838.5907249008305,1848.6315308858175,0,80,0,1
477,-1453.5759190146928,2953.475777285581,0,80,0,1
478,357.4460143420147,977.0539253278403,0,80,0,1
479,-500.2975528119132,2002.6511435510474,0,80,0,1
480,-1397.6798269670107,2352.9987459880067,0,80,0,1
481,-544.6277599984896,1421.5139150613686,0,80,0,1
482,-201.6864848510595,1000.8152434716467,0,80,0,1
483,-446.3177879988216,1390.9928906891728,0,80,0,1
484,-298.81580258358736,1683.0099116237834,0,80,0,1
485,499.60187337291427,891.8251668162411,0,80,0,1
486,-961.3385176506708,1383.8814675882459,0,80,0,1
487,-379.4174655380193,1369.0322667715955,0,80,0,1
488,-399.3508194141323,986.6265675448813,0,80,0,1
489,-533.2528938938049,1789.721547476889,0,80,0,1
490,-482.9996091031353,974.8119057962904,0,80,0,1
491,-264.309919974301,1292.6272718189284,0,80,0,1
492,254.2845868205186,1117.730770457827,0,80,0,1
493,44.712416172376834,1036.974111907417,0,80,0,1
494,-1547.3662962938542,2546.544438009849,0,80,0,1
495,-1320.6659870960284,1405.5474709152477,0,80,0,1
496,-139.72409365535714,1564.6556253129384,0,80,0,1
497,486.65074568410637,1107.0777575456887,0,80,0,1
498,-719.5226524426835,1469.866157320619,0,80,0,1
499,323.3949662990053,1277.6405734044965,0,80,0,1
500,-1570.362483707082,2340.1379848631914,0,80,0,1
501,-1000.1984624605975,1268.6492598953773,0,80,0,1
502,-822.9857468121336,1902.0608121330733,0,80,0,1
503,-778.7712818491855,1417.5008997065015,0,80,0,1
504,-704.6218403383391,1545.19327639346,0,80,0,1
505,303.35977592493873,954.3091260915971,0,80,0,1
506,642.2603724954533,903.448848076805,0,80,0,1
507,-1694.4406506130472,1802.9500756645575,0,80,0,1
508,680.0280209232005,894.9525082160253,0,80,0,1
509,-379.56953791558044,1151.477436142275,0,80,0,1
510,-173.05815849790815,1472.255214698671,0,80,0,1
511,-1719.569179052487,2636.3889687649207,0,80,0,1
512,-623.6047404117417,1317.2797744520358,0,80,0,1
513,-1372.5272568764049,2195.884974778164,0,80,0,1
514,574.9612714816467,990.2381742852158,0,80,0,1
515,-1038.9600475486368,1451.7279376891674,0,80,0,1
516,2378.0081696619745,817.6841208458645,0,80,0,1
517,140.94348621426616,908.3058643559925,0,80,0,1
518,442.22237753809895,1029.4238634638023,0,80,0,1
519,-565.8651423878036,1640.715996021987,0,80,0,1
520,-2077.9765108257416,2534.575278407079,0,80,0,1
521,710.0457447649678,1574.6897527239053,0,80,0,1
522,604.8740297114709,1269.6032397967647,0,80,0,1
523,-2371.2298988841358,2609.197580367676,0,80,0,1
524,-192.7981453613611,1081.8864818605944,0,80,0,1
525,-1212.1999860393116,1567.6610906696878,0,80,0,1
526,-717.3371747119236,1601.7195560568362,0,80,0,1
527,-462.33061861095484,1378.2742562442436,0,80,0,1
528,-949.8311275679735,1436.7450514446246,0,80,0,1
529,-963.6171801459277,1432.6075381183764,0,80,0,1
530,156.16495066840434,1230.9464694063063,0,80,0,1
531,-1053.9967195559293,1738.1282418697374,0,80,0,1
532,-1605.9447675675037,2226.6567093012854,0,80,0,1
533,967.4883617076557,1324.9822453059605,0,80,0,1
534,239.39587891212432,1459.504017230356,0,80,0,1
535,-847.0482277807314,1596.058935469715,0,80,0,1
536,-1711.2467251003254,1901.9456537982333,0,80,0,1
537,-1220.9749408442294,1457.8596111894585,0,80,0,1
538,-275.38236901327036,1587.663814330299,0,80,0,1
539,-1146.4968429864384,1684.095476329967,0,80,0,1
540,-1403.425300034578,2143.5470191945788,0,80,0,1
541,-563.8762808769243,1936.6709923052113,0,80,0,1
542,-1400.0075521343388,1645.84427995421,0,80,0,1
543,534.9774620164535,1583.1871069641202,0,80,0,1
544,534.1564952331246,1262.463836891926,0,80,0,1
545,-643.2581401866628,1282.3921804944403,0,80,0,1
546,1032.2975420000148,738.1541389251943,0,80,0,1
547,-449.0309684963431,1485.8894598389743,0,80,0,1
548,-866.0121829541167,1706.1082928587566,0,80,0,1
549,-21.480460763035808,1279.3121104483143,0,80,0,1
550,1211.6168770098593,909.5151351158856,0,80,0,1
551,-1525.811105610046,2344.6050466230954,0,80,0,1
552,-1075.7308645335725,1403.659816848056,0,80,0,1
553,-882.3801096243551,1769.7534358662087,0,80,0,1
554,-431.0816089257132,1520.646347781876,0,80,0,1
555,-227.96353774040472,1736.069183132262,0,80,0,1
556,-1663.0671107377857,2159.481606137415,0,80,0,1
557,-850.0715028211707,1487.5680515836575,0,80,0,1
558,-900.6308307005093,2060.1148743057856,0,80,0,1
559,-47.724411852192134,1175.140798270586,0,80,0,1
560,-613.9981802465045,1353.262796102441,0,80,0,1
561,-809.0987977583427,1426.8399781733751,0,80,0,1
562,-1723.779012228595,2879.49535227078,0,80,0,1
563,-2911.109382441966,2915.710065006104,0,80,0,1
564,642.0203250163468,972.1846467248397,0,80,0,1
565,-1673.9368379925727,2291.827324046637,0,80,0,1
566,14.224177579104435,2071.0231807745877,0,80,0,1
567,1067.4454418434761,1232.6967449812219,0,80,0,1
568,-1847.6298226024956,2480.95972110203,0,80,0,1
569,-2150.106264539063,2342.068856339669,0,80,0,1
570,-641.8498906830791,1579.8256832158077,0,80,0,1
571,-1648.4329910907545,2295.446533349692,0,80,0,1
572,-2070.5662341861753,2228.3419292929466,0,80,0,1
573,341.4938159008743,1050.2958673976827,0,80,0,1
574,-687.8404419781873,1308.0638881236082,0,80,0,1
575,-366.55664423591224,1482.76042126643,0,80,0,1
576,114.95949976431439,1145.9856233092141,0,80,0,1
577,-970.0123519753106,1324.8765416597016,0,80,0,1
578,-1348.1072120700264,2273.8758180807345,0,80,0,1
579,-1724.8621076417621,1724.8621076417621,0,80,0,1
580,-737.1074809369748,1338.608121029043,0,80,0,1
581,424.64811808400555,1483.1011142577045,0,80,0,1
582,-954.0648478963412,2459.811153695977,0,80,0,1
583,-1147.2790767700062,2197.4943400647026,0,80,0,1
584,-1500.8159368126653,2327.3126363682677,0,80,0,1
585,-44.09979229763849,1202.0592289158376,0,80,0,1
586,-69.99235042650253,1895.9602684313431,0,80,0,1
587,-1758.6814526218222,2818.319482771447,0,80,0,1
588,214.53733264899347,937.7663828021032,0,80,0,1
589,-864.2182287535979,1276.3163571074838,0,80,0,1
590,-343.46455748577137,1503.632314158138,0,80,0,1
591,-609.065881521441,1298.6681227354566,0,80,0,1
592,-1848.349560086499,2151.7043231087737,0,80,0,1
593,-305.5169204347767,1143.4352517824154,0,80,0,1
594,-1091.9199452218018,1627.5576862747548,0,80,0,1
595,-1817.937802654109,2238.495995274454,0,80,0,1
596,3.9328710177214816,1400.1647261154721,0,80,0,1
597,49.81379383994499,1751.0329762843903,0,80,0,1
598,-1570.7306353105232,2806.403729015379,0,80,0,1
599,-220.22247337223962,1407.3157039066427,0,80,0,1
600,-1739.0780054683564,2310.099484416656,0,80,0,1
601,-119.19810936966678,1672.0431286019739,0,80,0,1
602,497.7848437023349,1231.083186714095,0,80,0,1
603,342.31696504179854,1113.0255962458323,0,80,0,1
604,-1940.007514742436,2270.3077794802375,0,80,0,1
605,-1488.3843215392553,1637.1874458116945,0,80,0,1
606,-841.0103113746736,1374.997648195771,0,80,0,1
607,-1295.4851219723932,1730.0461123197456,0,80,0,1
608,-1051.4386796349427,1478.6483206226258,0,80,0,1
609,-5.289860970166046,1441.330223489087,0,80,0,1
610,-77.89162005018443,1632.9343213702668,0,80,0,1
611,60.98445163038559,875.3870552538428,0,80,0,1
612,-1248.7816434091073,1520.2851086007431,0,80,0,1
613,-1341.5018186647212,2730.3739311194513,0,80,0,1
614,-1136.053032860451,1825.3089377690922,0,80,0,1
615,-1282.649217582075,1720.2927689530188,0,80,0,1
616,-448.3190818869625,1247.6252531741047,0,80,0,1
617,154.27567230083514,1300.9278903623344,0,80,0,1
618,-468.61810408410383,1270.7565075032762,0,80,0,1
619,-796.7524883865844,2112.9978606652003,0,80,0,1
620,868.2342065050034,766.3182236293214,0,80,0,1
621,-1405.7446558320662,2420.548097783525,0,80,0,1
622,-507.08699660608545,1792.7272918829694,0,80,0,1
623,12.12217282759957,1629.334531444416,0,80,0,1
624,-1330.9854023900116,1537.933715344523,0,80,0,1
625,-589.8352133700391,1462.8461033799686,0,80,0,1
626,60.152222086209804,1228.0464009662392,0,80,0,1
627,-835.5598366841441,1470.287780610146,0,80,0,1
628,-830.9231939004967,1700.3484064087388,0,80,0,1
629,-1156.3206205037422,1917.4129456044757,0,80,0,1
630,-208.20019821962342,1386.1789658191265,0,80,0,1
631,989.7642432209104,1071.7196237189346,0,80,0,1
632,1729.423632088292,1054.41552864213,0,80,0,1
633,-508.83287002454745,1207.8645830117748,0,80,0,1
634,-669.3317038172972,1271.533867565915,0,80,0,1
635,-770.7697785735363,1252.8621455837274,0,80,0,1
636,-237.35361971065868,2069.379769359075,0,80,0,1
637,-235.65625227667624,853.5661182482727,0,80,0,1
638,1462.558368697064,809.9786362268496,0,80,0,1
639,-825.8437532280223,1797.24327936169,0,80,0,1
640,-1381.9849193779519,1559.3634178642533,0,80,0,1
641,-462.74536807998084,1475.36907443183,0,80,0,1
642,144.45371288154274,1389.9548146742163,0,80,0,1
643,183.99490487377625,1779.638473899744,0,80,0,1
644,601.8570259342669,1252.833378163923,0,80,0,1
645,-554.5857350038132,1590.6377588780015,0,80,0,1
646,162.5348417365458,1008.7698458005907,0,80,0,1
647,-531.2574698274839,1659.794638125226,0,80,0,1
648,-820.5006734119379,1539.7468361355131,0,80,0,1
649,256.9914867085172,1408.8472045874223,0,80,0,1
650,-2089.947162803961,2579.526632855006,0,80,0,1
651,483.9385262512951,1453.857100564579,0,80,0,1
652,-108.79734220274258,959.4178906988818,0,80,0,1
653,-317.8648538007401,1293.4905148604885,0,80,0,1
654,-1650.9646635543904,2478.192338799592,0,80,0,1
655,-169.97682594438083,1195.8202817405108,0,80,0,1
656,-1853.963335601089,2202.330159004254,0,80,0,1
657,-140.35331372194923,1120.1789860250428,0,80,0,1
658,-699.2251296973554,1004.9797354071634,0,80,0,1
659,531.5346207186813,1351.1327910125838,0,80,0,1
660,313.6058048030245,1078.701111919363,0,80,0,1
661,-525.018474254699,2251.8906793631613,0,80,0,1
662,-1393.952741912275,1986.6782074334333,0,80,0,1
663,384.7374159123283,1537.410576176364,0,80,0,1
664,-244.57203423901228,1932.4383273221902,0,80,0,1
665,-1030.8204521727166,1901.9266348157544,0,80,0,1
666,-894.5919557716115,2001.9458359091077,0,80,0,1
667,-1313.2426734667388,2159.978165950859,0,80,0,1
668,-1346.4212622424238,1471.347084812005,0,80,0,1
669,-222.51978424598929,1094.9158111441648,0,80,0,1
670,204.12394876620965,1120.728609224141,0,80,0,1
671,-1132.049117312883,1489.6977991560125,0,80,0,1
672,-917.3413295862265,2324.052359442343,0,80,0,1
673,-1374.4576043867855,1973.3345527376514,0,80,0,1
674,-1081.7890775864362,1606.509923220612,0,80,0,1
675,-2837.496085421182,3361.8248213848565,0,80,0,1
676,-1419.8739719495643,1787.7281408412382,0,80,0,1
677,-300.92614736710675,739.9065430924529,0,80,0,1
678,979.3699552092003,1078.6267518437817,0,80,0,1
679,-954.2477302171756,2170.673124455847,0,80,0,1
680,439.29309238574933,896.7414499603328,0,80,0,1
681,-672.7284252060344,1120.2387044319184,0,80,0,1
682,358.76990651880624,1076.9921225105063,0,80,0,1
683,-83.40376109298086,1193.805520468508,0,80,0,1
684,-1516.021304737369,2005.1002127580578,0,80,0,1
685,110.6011513992562,1658.5011883834377,0,80,0,1
686,-635.5120335283573,1671.0263647543034,0,80,0,1
687,435.9341519146692,760.58273758,0,80,0,1
688,216.05943619919708,957.9763620106387,0,80,0,1
689,-774.218490524916,1384.8457090094453,0,80,0,1
690,-1348.7584874266176,2501.090271717636,0,80,0,1
691,-476.21674078394426,1739.7141619417816,0,80,0,1
692,-451.89356750802835,1186.7544344642665,0,80,0,1
693,-682.7917797802365,1667.4073692947277,0,80,0,1
694,132.34952682285802,888.8784248802112,0,80,0,1
695,-948.7002225593897,1856.882314175542,0,80,0,1
696,1384.5703530277242,926.1149926328217,0,80,0,1
697,-1542.2409425122896,2010.6813623356284,0,80,0,1
698,-1276.1245851228014,1459.6343069456052,0,80,0,1
699,817.6628173654317,975.277428610425,0,80,0,1
700,206.53162211179733,1187.7066310093505,0,80,0,1
701,746.3900979789323,660.6612758901902,0,80,0,1
702,-119.27503853233065,1267.6180443135672,0,80,0,1
703,-846.7025613693986,1314.967001983896,0,80,0,1
704,-699.3308772316086,1229.5755190269556,0,80,0,1
705,-909.6008129056427,1809.542192939436,0,80,0,1
706,22.535051783837844,1035.538473276305,0,80,0,1
707,-315.9515368944267,1364.8723610937013,0,80,0,1
708,-765.4297611514339,1345.7132242152002,0,80,0,1
709,-568.1311186740058,1970.417957618076,0,80,0,1
710,-407.3180267789867,2000.929092372302,0,80,0,1
711,-2364.4225496386643,2522.0334838678245,0,80,0,1
712,-185.0424955204362,1649.7948776062112,0,80,0,1
713,811.727859174076,1130.399215442536,0,80,0,1
714,-346.81385660369415,1098.3488563603023,0,80,0,1
715,-2535.4548748529633,2535.4548748529633,0,80,0,1
716,105.11279098305386,1350.5112235656125,0,80,0,1
717,-451.02709637372755,1390.1597709654015,0,80,0,1
718,-1215.4443901807535,1738.3562811658485,0,80,0,1
719,-1810.0097010005265,1985.1148443644634,0,80,0,1
720,-1455.1127237730543,1608.9268258335069,0,80,0,1
721,-2021.7109194695367,2047.9709396825056,0,80,0,1
722,-739.2944168383838,2521.9867601757287,0,80,0,1
723,350.3748882408254,1096.6336726270965,0,80,0,1
724,982.351475721749,838.8851081821485,0,80,0,1
725,-252.3133859790396,1187.5841845709947,0,80,0,1
726,-933.0308567892644,1715.9139846385224,0,80,0,1
727,339.80498133337824,1352.018002646335,0,80,0,1
728,-1775.6636034842231,2626.0420256413636,0,80,0,1
729,-435.60824484878685,1402.4574664246757,0,80,0,1
730,30.740031905064825,1978.7676242110902,0,80,0,1
731,-1087.1841178833274,1404.6013267465169,0,80,0,1
732,214.5018560446333,1099.977498296299,0,80,0,1
733,85.32966586650582,1750.3291562653612,0,80,0,1
734,-593.0924502118723,1019.7778758334462,0,80,0,1
735,371.7436551946448,1153.6325688962243,0,80,0,1
736,-1854.2660516483593,2486.718144293991,0,80,0,1
737,-1021.8592074530898,2739.5966562672984,0,80,0,1
738,-709.7054642380681,1470.812459578854,0,80,0,1
739,154.55266489932546,1292.478839243704,0,80,0,1
740,1077.1196717878338,971.0545312665636,0,80,0,1
741,28.64341702690581,977.3522583468002,0,80,0,1
742,-1005.6893899783026,1268.93201365805,0,80,0,1
743,128.06076129421126,935.3924828692689,0,80,0,1
744,-332.3842260358506,1040.8245007440564,0,80,0,1
745,-342.2968614780111,1230.9000507546589,0,80,0,1
746,-1428.6743551280233,1838.2757008910994,0,80,0,1
747,-632.7188861778122,1290.868856404908,0,80,0,1
748,-873.3506785458303,1614.8133951596683,0,80,0,1
749,-214.71736474399222,1302.4918426112272,0,80,0,1
750,886.6223653601483,850.0501706370269,0,80,0,1
751,9.597334464837331,776.8614552728832,0,80,0,1
752,565.4515207668301,1126.3953627331648,0,80,0,1
753,-359.0228458910133,1596.7106063092942,0,80,0,1
754,-580.168525374087,1392.5655787044088,0,80,0,1
755,-170.6590557252639,962.4071336184861,0,80,0,1
756,167.7044789022766,1531.560169934819,0,80,0,1
757,-1057.810311228095,1346.8809742066078,0,80,0,1
758,-2499.869787842268,2870.329079561634,0,80,0,1
759,-539.8244480320718,1762.630855157331,0,80,0,1
760,-242.61213011393556,1005.3873872441472,0,80,0,1
761,-967.9181941178394,1461.124040799099,0,80,0,1
762,38.29513835418038,1230.19828463858,0,80,0,1
763,233.65201912389603,1455.9823581523378,0,80,0,1
764,283.88315326417796,1045.230582184333,0,80,0,1
765,-278.7818579978775,1653.6660457756952,0,80,0,1
766,-41.8915954149561,1757.202872412221,0,80,0,1
767,-1360.8329726423835,2001.2938297908986,0,80,0,1
768,687.2476854056004,979.468666864268,0,80,0,1
769,-382.46733617497375,2097.4713982197572,0,80,0,1
770,-274.92807267361786,1194.2479060486075,0,80,0,1
771,-340.3058226642315,977.2721998450579,0,80,0,1
772,-440.91316135122906,1220.7532170370687,0,80,0,1
773,-1128.44590776728,1362.8466055215686,0,80,0,1
774,238.8089495607419,1081.9700203558896,0,80,0,1
775,-1661.7159801637754,2038.5681476306054,0,80,0,1
776,828.0640919242287,954.6188297236804,0,80,0,1
777,-578.2616707441048,1358.2777992537012,0,80,0,1
778,-416.61470727523556,1737.780613180541,0,80,0,1
779,-1123.7142636521603,1393.3761738348403,0,80,0,1
780,587.9537892465014,930.1586742718937,0,80,0,1
781,954.7261674763868,999.4729723464698,0,80,0,1
782,-1334.8173929176992,2076.6893596022855,0,80,0,1
783,-5.691739417961799,1663.324203664728,0,80,0,1
784,1078.132886757725,840.1249447603477,0,80,0,1
785,944.1488528682385,902.6724919391563,0,80,0,1
786,-1212.012443741085,1770.6673714106437,0,80,0,1
787,-136.23214982188074,946.3216802539537,0,80,0,1
788,-347.0290909357718,1259.3098773675738,0,80,0,1
789,-1131.3879441414028,1765.5343787404126,0,80,0,1
790,414.32512312894687,1472.9818402293022,0,80,0,1
791,282.3716798873502,1939.6525216834852,0,80,0,1
792,301.7843190773274,734.1362018629443,0,80,0,1
793,-1554.591798778216,1987.6726171154296,0,80,0,1
794,-198.32856570463628,1565.955189233413,0,80,0,1
795,-151.2651838627644,1018.413545335643,0,80,0,1
796,-893.5325140279019,1510.765809379518,0,80,0,1
797,-1818.2131350698182,2972.5343737599906,0,80,0,1
798,1167.1056007020525,1012.4076708632056,0,80,0,1
799,-920.7305768030346,1694.830286979326,0,80,0,1
800,-1184.185765333823,1821.8812641624245,0,80,0,1
801,-140.11163694498828,1289.1390076070093,0,80,0,1
802,-1050.9397215584759,2139.2142081191414,0,80,0,1
803,-1115.895027240389,1282.4784862011438,0,80,0,1
804,-272.6366800746182,1567.659841647779,0,80,0,1
805,-976.9384421587456,1235.8808358852402,0,80,0,1
806,573.0854123797035,898.0160815806594,0,80,0,1
807,65.54755181982182,1119.1818772018887,0,80,0,1
808,-1332.5020866545383,1772.5347399018938,0,80,0,1
809,-1311.2077429602505,1441.2216891383287,0,80,0,1
810,762.7435670070699,927.4432639686856,0,80,0,1
811,-2425.330208137515,2557.8245117563056,0,80,0,1
812,824.1971008804394,902.7585364753031,0,80,0,1
813,-901.9102388541214,1867.6045147609548,0,80,0,1
814,335.32010657538194,1091.3208566362737,0,80,0,1
815,-104.47210079431534,1201.9052152674412,0,80,0,1
816,-1608.311662516673,1808.1053275956074,0,80,0,1
817,125.67668611794943,1400.8399060769007,0,80,0,1
818,-1365.1703928183415,1922.7323812774848,0,80,0,1
819,-1576.070582585584,2091.0601695546648,0,80,0,1
820,-830.5748409166699,1222.6026908951462,0,80,0,1
821,-197.18374933523592,1175.6846512178308,0,80,0,1
822,-759.3416001922451,2034.333284887718,0,80,0,1
823,-460.6604438609793,1001.025075837737,0,80,0,1
824,-987.1102642710903,2108.6248945341213,0,80,0,1
825,691.2009711092687,1053.1067391316174,0,80,0,1
826,-6.566351947840303,1230.9283788569737,0,80,0,1
827,169.40573759109247,960.1989587103017,0,80,0,1
828,-531.877940897306,1102.7845176832634,0,80,0,1
829,-112.13078196835704,1320.382635015063,0,80,0,1
830,-1036.6977568417788,1720.8229988534586,0,80,0,1
831,-718.145726984425,1792.1310273233103,0,80,0,1
832,265.2144967856584,1404.4161071057315,0,80,0,1
833,755.1100475218846,863.9085129637388,0,80,0,1
834,-2423.512775379815,2522.542362772161,0,80,0,1
835,2157.6574895164813,947.8044251541141,0,80,0,1
836,-886.042983695399,1502.5249274438247,0,80,0,1
837,-205.12802987429313,1492.3296549429651,0,80,0,1
838,-201.18412719061598,1505.3499519901234,0,80,0,1
839,1002.0534169912571,963.758440584119,0,80,0,1
840,301.11437591927825,920.8090931787156,0,80,0,1
841,-958.8105671445956,1634.4176926352666,0,80,0,1
842,-1099.0862756844144,2026.6991566840443,0,80,0,1
843,-233.66697024501627,1076.6072031290387,0,80,0,1
844,-1611.9426780883223,2174.216121035104,0,80,0,1
845,-1163.408020439907,1583.2184235677123,0,80,0,1
846,1203.0729105072678,1267.5190624968382,0,80,0,1
847,-289.10114308970515,1014.0823035458452,0,80,0,1
848,-866.7693759657559,1569.3781882746844,0,80,0,1
849,-79.02982789638918,1015.9982503900537,0,80,0,1
850,-1180.629840460373,2675.6770338910283,0,80,0,1
851,509.0829518548562,1048.0895810055663,0,80,0,1
852,-508.37708050152287,1887.3041344743688,0,80,0,1
853,-798.63589873194,1540.1245811377303,0,80,0,1
854,-717.8438119549537,2078.364424934087,0,80,0,1
855,-1466.517186627898,2426.5019044202054,0,80,0,1
856,-1232.0779205556028,1652.364242369542,0,80,0,1
857,-775.7207479827339,1485.629984399071,0,80,0,1
858,-1639.4914802970015,2381.503108512261,0,80,0,1
859,-350.68084754253505,1379.3662956537446,0,80,0,1
860,-979.9025811150786,1864.555320983869,0,80,0,1
861,-345.3402010957943,1682.5524815713288,0,80,0,1
862,539.0655560815358,1387.8832166083157,0,80,0,1
863,1100.2570266866824,977.3716385167791,0,80,0,1
864,16.359237716998905,1222.7637149824877,0,80,0,1
865,205.6091990506975,1210.3203350217082,0,80,0,1
866,537.3406929662451,1026.8326477726805,0,80,0,1
867,-740.2180017510545,1186.354236128158,0,80,0,1
868,481.1248741192976,993.9578213457135,0,80,0,1
869,-725.4698460395448,1347.9952534334734,0,80,0,1
870,193.68648382130777,1032.1614254016313,0,80,0,1
871,-527.6953454080503,1649.1372572118416,0,80,0,1
872,-251.43288808083162,965.4869855191791,0,80,0,1
873,-59.035851018328685,1028.6532992583234,0,80,0,1
874,-224.56538287643343,955.279836742382,0,80,0,1
875,-811.8190788275097,2241.738504479872,0,80,0,1
876,-230.89036070962902,1175.1167074967525,0,80,0,1
877,-43.01815773232374,943.8417699335841,0,80,0,1
878,-882.8675698504085,1563.9445969713852,0,80,0,1
879,830.6432597976527,1000.0541466432624,0,80,0,1
880,-745.3973156418651,1422.975020681275,0,80,0,1
881,-212.07059182215016,2470.6674307358917,0,80,0,1
882,-750.1912902190234,1373.7247005070676,0,80,0,1
883,180.61513835261576,902.9883114083204,0,80,0,1
884,-1774.5463316621026,1806.6440448234207,0,80,0,1
885,-288.5484542240738,1514.2825085841469,0,80,0,1
886,-111.23963039804948,1294.38794145477,0,80,0,1
887,1277.8682022775174,918.2299116187496,0,80,0,1
888,-57.265595801349264,1254.2365188273834,0,80,0,1
889,-452.1760338678723,1457.69894702686,0,80,0,1
890,71.61621504579671,1522.5059847416705,0,80,0,1
891,-365.9334147326881,1550.4794265477103,0,80,0,1
892,180.17620221804827,838.0769776068046,0,80,0,1
893,-163.72329765325412,1624.5036886539892,0,80,0,1
894,-957.8224418412428,1863.4157924617757,0,80,0,1
895,-1146.773852654267,2173.9615937236813,0,80,0,1
896,-2187.9590786551125,2606.9732172272634,0,80,0,1
897,-2035.5712065410335,2956.2931072067004,0,80,0,1
898,1179.1686661998392,778.6284145506797,0,80,0,1
899,-432.39410064619733,1126.0652161994367,0,80,0,1
900,803.7877125276718,1134.630474880687,0,80,0,1
901,1093.191013047821,959.4927875557914,0,80,0,1
902,-98.54214664397296,953.3000944619416,0,80,0,1
903,595.1446977264713,1083.2083253221354,0,80,0,1
904,-593.3523230152205,1388.8605198643636,0,80,0,1
905,-2305.391244682367,2756.3453550364356,0,80,0,1
906,1032.7631045953021,918.0435511798714,0,80,0,1
907,-1140.954637958086,1706.7822411368834,0,80,0,1
908,-2670.7348748665536,2798.263989376661,0,80,0,1
909,-538.147796500125,1475.7286508070538,0,80,0,1
910,987.4167930619442,815.7197685424471,0,80,0,1
911,-720.1668231218355,1691.9657568285475,0,80,0,1
912,490.2036216885317,1261.0721453547594,0,80,0,1
913,-633.2244054754847,1340.3449953589588,0,80,0,1
914,-678.5614200902055,1077.7507578902878,0,80,0,1
915,-2046.706843513297,2115.4246913850657,0,80,0,1
916,-818.2916537118144,1850.6471987013938,0,80,0,1
917,-1007.9028194918064,1277.6604085901054,0,80,0,1
918,786.2462745844969,1373.1882454915904,0,80,0,1
919,-1201.6447593600024,1684.2426922821905,0,80,0,1
920,533.5295940343058,1449.1025866230484,0,80,0,1
921,-792.0315041421563,1518.5438475571573,0,80,0,1
922,-517.2607891066,2424.7788834049716,0,80,0,1
923,-77.3210057541728,1515.465169705567,0,80,0,1
924,215.5195168365026,1004.559576609463,0,80,0,1
925,-465.9087434846442,1477.4975283431122,0,80,0,1
926,-931.9703835225082,2331.869094305788,0,80,0,1
927,-661.1851988739218,1436.3949278637883,0,80,0,1
928,-934.9324694953975,1442.9552454520017,0,80,0,1
929,275.556664068019,1058.7168554881355,0,80,0,1
930,211.53486947913188,969.5597853900981,0,80,0,1
931,-80.42411258321954,1163.0937121146126,0,80,0,1
932,-1141.3233130750014,1610.327874670329,0,80,0,1
933,-601.9840220748447,1316.8138299667044,0,80,0,1
934,-1805.4412510597613,1937.5620959436637,0,80,0,1
935,38.7905351081281,1176.7309026085422,0,80,0,1
936,113.2042048840085,1013.7929788882611,0,80,0,1
937,-1335.150112216419,1962.1394869370852,0,80,0,1
938,-1118.981596981408,2141.5950087560923,0,80,0,1
939,-736.8092963647214,1713.7845563911833,0,80,0,1
940,-250.48646560159978,1220.5706422708463,0,80,0,1
941,-426.4218672422576,1267.2272760187625,0,80,0,1
942,-1310.9069848557701,1540.3621178676258,0,80,0,1
943,-584.3398616350023,1308.8451736420393,0,80,0,1
944,-377.74688302824507,1628.9893170557334,0,80,0,1
945,2120.002986829262,1038.7302877936745,0,80,0,1
946,520.663668020803,1778.5901504444191,0,80,0,1
947,-550.9540447974578,1347.353815493174,0,80,0,1
948,49.765906422631815,990.6245427675312,0,80,0,1
949,704.6094187694835,820.9835166560952,0,80,0,1
950,-616.8067659341032,1450.8677321006544,0,80,0,1
951,-385.6590495092678,1140.991468424967,0,80,0,1
952,-51.45194491639268,1358.9920706533594,0,80,0,1
953,-818.5450604241341,1515.717141495552,0,80,0,1
954,-1220.8707423883607,1539.5392745104618,0,80,0,1
955,-1473.2384494198486,2460.257123430143,0,80,0,1
956,702.6715971477679,1174.915894320875,0,80,0,1
957,-798.0996205717092,1631.5903415803914,0,80,0,1
958,-1055.2282692216104,2008.8342437447864,0,80,0,1
959,-1381.2824534124811,1548.2392603878397,0,80,0,1
960,11.04498199140653,1170.5772783896537,0,80,0,1
961,-1086.5921158750425,2070.161978204269,0,80,0,1
962,-982.5374752846546,1193.2335694072535,0,80,0,1
963,-441.72686069179326,1906.7518178203027,0,80,0,1
964,-686.0506153450115,1663.1649093126762,0,80,0,1
965,710.072038724029,712.2700788371731,0,80,0,1
966,-251.15606569050578,1517.792533424683,0,80,0,1
967,398.7726552162785,1351.5313858791487,0,80,0,1
968,-1132.2388870186405,1550.5406780823832,0,80,0,1
969,-11.230501150945202,1238.094084764889,0,80,0,1
970,-1018.2301301227417,1495.1415652660653,0,80,0,1
971,-305.29308074573055,1130.4828188092215,0,80,0,1
972,277.7745543445926,794.458277443191,0,80,0,1
973,-970.9994644235703,2636.319144675217,0,80,0,1
974,-762.2835577654187,2161.9791666634264,0,80,0,1
975,-1076.2277598348446,2613.884690168081,0,80,0,1
976,1155.077380835428,1424.1655764324241,0,80,0,1
977,-1056.1173456946854,1908.5163052769494,0,80,0,1
978,-1827.8229807253229,2482.3646241315873,0,80,0,1
979,1221.3687479188666,956.3732392163365,0,80,0,1
980,-1047.049746818724,1930.719293424976,0,80,0,1
981,-349.7927887002006,1396.3126234487281,0,80,0,1
982,155.3806123419199,1069.0587878891965,0,80,0,1
983,-940.7835894968593,2441.9863527470734,0,80,0,1
984,-1065.673313225212,1783.7903729409445,0,80,0,1
985,22.996731732971966,1750.742849427159,0,80,0,1
986,-670.7953522782773,2031.9428964462713,0,80,0,1
987,901.0412073994521,1470.7729784343392,0,80,0,1
988,-1346.1152834415552,2109.818657071155,0,80,0,1
989,-355.05879895738326,1589.6784804596682,0,80,0,1
990,-1366.06463884213,1850.0292462629732,0,80,0,1
991,14.173974921228364,1255.54844849027,0,80,0,1
992,-123.39337295974838,1532.0624392842874,0,80,0,1
993,534.1182875970262,1906.218096408993,0,80,0,1
994,-465.9805488140555,1282.2412090549478,0,80,0,1
995,-916.6616365913069,1208.7208088994958,0,80,0,1
996,354.60014219151344,1635.5998903003638,0,80,0,1
997,-749.1032449828344,950.540652453783,0,80,0,1
998,-1533.7128377627232,1730.1445007614675,0,80,0,1
999,1248.4360689044115,1197.5832863735268,0,80,0,1
