threshold,hold,spread_max,size_scale,taker_frac,day2_pnl,day2_trades,day3_pnl,day3_trades,day4_pnl,day4_trades,day3_10pct_pnl,day3_10pct_trades,total_3days,score
8.0,1,8,0.15,0.2,-549777.7275,42478,-843776.0999999999,53476,-137447.17499999987,56927,-80522.6625,4827,-1531001.0024999997,-273937.61474999995
8.0,3,8,0.15,0.2,-546921.8099999999,42378,-907041.1049999999,53376,-294304.065,56827,-87799.58249999999,4727,-1748266.9799999997,-310529.817375
8.0,1,8,0.15,0.4,-613594.7549999999,42478,-923506.3500000001,53476,-228292.72499999992,56927,-87940.875,4827,-1765393.8299999998,-313176.55575
8.0,3,8,0.15,0.4,-610588.245,42378,-986619.06,53376,-384980.055,56827,-95071.065,4727,-1982187.36,-349617.18975
8.0,1,8,0.15,0.6,-677411.7825,42478,-1003236.6000000001,53476,-319138.2749999999,56927,-95359.0875,4827,-1999786.6575,-352415.49674999993
8.0,2,8,0.15,0.2,-584691.5399999999,42428,-879414.9450000001,53426,-765277.605,56877,-87059.93999999999,4777,-2229384.09,-382290.58050000004
8.0,3,8,0.15,0.6,-674254.6799999999,42378,-1066197.015,53376,-475656.0449999999,56827,-102342.5475,4727,-2216107.7399999998,-388704.56212499994
8.0,1,8,0.15,0.8,-741228.81,42478,-1082966.8499999999,53476,-409983.825,56927,-102777.3,4827,-2234179.485,-391654.4377499999
8.0,2,8,0.15,0.4,-648431.13,42428,-959071.59,53426,-856041.8099999999,56877,-94403.805,4777,-2463544.53,-421453.77225
8.0,3,8,0.15,0.8,-737921.115,42378,-1145774.97,53376,-566332.035,56827,-109614.03,4727,-2450028.12,-427791.9345
8.0,1,8,0.15,1.0,-805045.8375,42478,-1162697.1,53476,-500829.3749999999,56927,-110195.5125,4827,-2468572.3125,-430893.37875000003
8.0,1,8,0.25,0.2,-916296.2124999999,42478,-1406293.5,53476,-229078.62500000026,56927,-134204.4375,4827,-2551668.3375000004,-456562.69125000003
8.0,2,8,0.15,0.6,-712170.72,42428,-1038728.235,53426,-946806.0149999999,56877,-101747.67,4777,-2697704.9699999997,-460616.964
8.0,3,8,0.15,1.0,-801587.55,42378,-1225352.925,53376,-657008.0249999999,56827,-116885.5125,4727,-2683948.5,-466879.306875
8.0,2,8,0.15,0.8,-775910.3099999999,42428,-1118384.88,53426,-1037570.2199999999,56877,-109091.535,4777,-2931865.4099999997,-499780.1557499999
8.0,3,8,0.25,0.2,-911536.35,42378,-1511735.1750000003,53376,-490506.775,56827,-146332.6375,4727,-2913778.3000000003,-517549.69562500005
8.0,1,8,0.25,0.4,-1022657.9249999999,42478,-1539177.2500000002,53476,-380487.875,56927,-146568.125,4827,-2942323.0500000003,-521960.92625
8.0,2,8,0.15,1.0,-839649.9,42428,-1198041.525,53426,-1128334.425,56877,-116435.4,4777,-3166025.8499999996,-538943.3474999999
8.0,3,8,0.25,0.4,-1017647.075,42378,-1644365.0999999999,53376,-641633.425,56827,-158451.775,4727,-3303645.5999999996,-582695.31625
8.0,1,8,0.25,0.6,-1129019.6375,42478,-1672061.0,53476,-531897.1249999998,56927,-158931.8125,4827,-3332977.7625,-587359.16125
8.0,2,8,0.25,0.2,-974485.8999999999,42428,-1465691.5750000002,53426,-1275462.6749999998,56877,-145099.9,4777,-3715640.15,-637150.9675
8.0,1,8,0.35,0.2,-1282814.6975,42478,-1968810.9000000001,53476,-320710.07500000007,56927,-187886.2125,4827,-3572335.6725000003,-639187.76775
8.0,3,8,0.25,0.6,-1123757.8,42378,-1776995.0250000001,53376,-792760.075,56827,-170570.9125,4727,-3693512.9000000004,-647840.936875
8.0,1,8,0.25,0.8,-1235381.35,42478,-1804944.75,53476,-683306.3749999999,56927,-171295.5,4827,-3723632.475,-652757.3962499999
8.0,2,8,0.25,0.4,-1080718.5499999998,42428,-1598452.65,53426,-1426736.3499999999,56877,-157339.675,4777,-4105907.55,-702422.9537499999
8.0,3,8,0.25,0.8,-1229868.5250000001,42378,-1909624.9500000002,53376,-943886.725,56827,-182690.05000000002,4727,-4083380.2000000007,-712986.5575000001
8.0,1,8,0.25,1.0,-1341743.0625,42478,-1937828.5,53476,-834715.625,56927,-183659.1875,4827,-4114287.1875,-718155.63125
8.0,3,8,0.35,0.2,-1276150.89,42378,-2116429.2449999996,53376,-686709.4850000001,56827,-204865.69249999998,4727,-4079289.62,-724569.5738749999
8.0,1,8,0.35,0.4,-1431721.095,42478,-2154848.15,53476,-532683.0249999999,56927,-205195.375,4827,-4119252.27,-730745.29675
8.0,2,8,0.25,0.6,-1186951.2000000002,42428,-1731213.725,53426,-1578010.0250000001,56877,-169579.44999999998,4777,-4496174.95,-767694.9400000001
8.0,3,8,0.25,1.0,-1335979.25,42378,-2042254.875,53376,-1095013.375,56827,-194809.1875,4727,-4473247.5,-778132.178125
8.0,3,8,0.35,0.4,-1424705.9049999998,42378,-2302111.14,53376,-898286.7949999997,56827,-221832.48500000002,4727,-4625103.84,-815773.4427499999
8.0,1,8,0.35,0.6,-1580627.4924999997,42478,-2340885.4,53476,-744655.9749999997,56927,-222504.53749999998,4827,-4666168.8675,-822302.8257499998
8.0,2,8,0.25,0.8,-1293183.85,42428,-1863974.7999999998,53426,-1729283.7000000002,56877,-181819.22499999998,4777,-4886442.35,-832966.92625
8.0,2,8,0.35,0.2,-1364280.26,42428,-2051968.205,53426,-1785647.7449999999,56877,-203139.86,4777,-5201896.21,-892011.3544999999
8.0,2,8,0.25,1.0,-1399416.5,42428,-1996735.875,53426,-1880557.375,56877,-194059.0,4777,-5276709.75,-898238.9125000001
8.0,3,8,0.35,0.6,-1573260.9200000002,42378,-2487793.035,53376,-1109864.1049999995,56827,-238799.27749999997,4727,-5170918.06,-906977.3116249999
8.0,1,8,0.5,0.2,-1832592.4249999998,42478,-2812587.0,53476,-458157.2500000005,56927,-268408.875,4827,-5103336.675000001,-913125.3825000001
8.0,1,8,0.35,0.8,-1729533.89,42478,-2526922.65,53476,-956628.9249999996,56927,-239813.69999999998,4827,-5213085.465,-913860.3547499999
8.0,1,10,0.15,0.2,-2205571.7474999996,116804,-2151130.0574999996,113535,-1160471.985,102982,-221796.525,11349,-5517173.79,-949564.1572499999
8.0,3,10,0.15,0.2,-2201633.25,116704,-2153676.0225000004,113435,-1345057.395,102882,-225812.565,11249,-5700366.6675,-979251.9108750001
8.0,2,8,0.35,0.4,-1513005.9699999997,42428,-2237833.71,53426,-1997430.89,56877,-220275.54499999998,4777,-5748270.569999999,-983392.13525
8.0,3,8,0.35,0.8,-1721815.9350000003,42378,-2673474.9299999997,53376,-1321441.4149999996,56827,-255766.07,4727,-5716732.279999999,-998181.1804999998
8.0,1,8,0.35,1.0,-1878440.2874999996,42478,-2712959.9,53476,-1168601.8749999995,56927,-257122.8625,4827,-5760002.0625,-1005417.8837499998
8.0,3,8,0.5,0.2,-1823072.7,42378,-3023470.3500000006,53376,-981013.55,56827,-292665.275,4727,-5827556.600000001,-1035099.3912500001
8.0,1,8,0.5,0.4,-2045315.8499999999,42478,-3078354.5000000005,53476,-760975.75,56927,-293136.25,4827,-5884646.100000001,-1043921.8525
8.0,1,10,0.15,0.4,-2420114.52,116804,-2353259.34,113535,-1344002.745,102982,-242486.47500000003,11349,-6117376.6049999995,-1050974.052
8.0,2,10,0.15,0.2,-2240736.9375,116754,-2163752.8575,113485,-1783324.6424999996,102932,-225632.72999999998,11299,-6187814.4375,-1052270.167125
8.0,2,8,0.35,0.6,-1661731.6799999997,42428,-2423699.2149999994,53426,-2209214.035,56877,-237411.22999999998,4777,-6294644.93,-1074772.9159999997
8.0,3,10,0.15,0.4,-2415986.7,116704,-2355629.0700000003,113435,-1528390.14,102882,-246341.35499999998,11249,-6300005.91,-1080488.63175
8.0,3,8,0.35,1.0,-1870370.9499999997,42378,-2859156.8249999997,53376,-1533018.725,56827,-272732.86249999993,4727,-6262546.5,-1089385.049375
8.0,1,10,0.15,0.6,-2634657.2924999995,116804,-2555388.6225,113535,-1527533.5050000001,102982,-263176.425,11349,-6717579.419999999,-1152383.94675
8.0,2,10,0.15,0.4,-2455180.5749999997,116754,-2365794.99,113485,-1966756.635,102932,-246240.80999999997,11299,-6787732.199999999,-1153592.2755
8.0,3,8,0.5,0.4,-2035294.15,42378,-3288730.1999999997,53376,-1283266.85,56827,-316903.55,4727,-6607291.199999999,-1165390.6325
8.0,2,8,0.35,0.8,-1810457.3900000001,42428,-2609564.72,53426,-2420997.1799999997,56877,-254546.91499999998,4777,-6841019.29,-1166153.6967500001
8.0,1,8,0.5,0.6,-2258039.275,42478,-3344122.0,53476,-1063794.2499999995,56927,-317863.625,4827,-6665955.525,-1174718.3225
8.0,3,10,0.15,0.6,-2630340.15,116704,-2557582.1174999997,113435,-1711722.8850000002,102882,-266870.145,11249,-6899645.1525,-1181725.3526249998
8.0,1,10,0.15,0.8,-2849200.065000001,116804,-2757517.905,113535,-1711064.2649999997,102982,-283866.375,11349,-7317782.235,-1253793.8415
8.0,2,10,0.15,0.6,-2669624.2125,116754,-2567837.1225,113485,-2150188.6275,102932,-266848.89,11299,-7387649.9625,-1254914.383875
8.0,2,8,0.35,1.0,-1959183.1,42428,-2795430.225,53426,-2632780.3249999997,56877,-271682.6,4777,-7387393.65,-1257534.4775
8.0,2,8,0.5,0.2,-1948971.7999999998,42428,-2931383.1500000004,53426,-2550925.3499999996,56877,-290199.8,4777,-7431280.3,-1274301.935
8.0,3,10,0.15,0.8,-2844693.6,116704,-2759535.165,113435,-1895055.63,102882,-287398.935,11249,-7499284.3950000005,-1282962.0735
8.0,3,8,0.5,0.6,-2247515.6,42378,-3553990.0500000003,53376,-1585520.15,56827,-341141.825,4727,-7387025.800000001,-1295681.87375
8.0,1,8,0.5,0.8,-2470762.7,42478,-3609889.5,53476,-1366612.7499999998,56927,-342591.0,4827,-7447264.95,-1305514.7924999997
8.0,1,10,0.15,1.0,-3063742.8375,116804,-2959647.1875,113535,-1894595.0250000001,102982,-304556.32499999995,11349,-7917985.050000001,-1355203.73625
8.0,2,10,0.15,0.8,-2884067.85,116754,-2769879.2549999994,113485,-2333620.6199999996,102932,-287456.97,11299,-7987567.725,-1356236.4922499997
8.0,1,8,0.75,0.2,-2748888.6374999997,42478,-4218880.5,53476,-687235.8749999998,56927,-402613.3125,4827,-7655005.012499999,-1369688.0737499997
8.0,3,10,0.15,1.0,-3059047.05,116704,-2961488.2124999994,113435,-2078388.375,102882,-307927.725,11249,-8098923.637499999,-1384198.7943749996
8.0,2,8,0.5,0.4,-2161437.0999999996,42428,-3196905.3,53426,-2853472.6999999997,56877,-314679.35,4777,-8211815.1,-1404845.9074999997
8.0,3,8,0.5,0.8,-2459737.0500000003,42378,-3819249.9000000004,53376,-1887773.45,56827,-365380.10000000003,4727,-8166760.400000001,-1425973.1150000002
8.0,1,8,0.5,1.0,-2683486.125,42478,-3875657.0,53476,-1669431.25,56927,-367318.375,4827,-8228574.375,-1436311.2625
8.0,1,12,0.15,0.2,-3155031.405,150403,-3049038.3375,145927,-2177428.98,139947,-339003.60750000004,15290,-8381498.7225,-1443676.7925
8.0,2,10,0.15,1.0,-3098511.4875,116754,-2971921.3875000007,113485,-2517052.6125000003,102932,-308065.05,11299,-8587485.4875,-1457558.600625
8.0,3,12,0.15,0.2,-3152423.3849999993,150303,-3039147.3975,145827,-2374101.99,139847,-334177.605,15190,-8565672.772499999,-1468648.5986249999
8.0,2,8,0.5,0.6,-2373902.4000000004,42428,-3462427.45,53426,-3156020.0500000003,56877,-339158.89999999997,4777,-8992349.9,-1535389.8800000001
8.0,2,12,0.15,0.2,-3198523.7625,150353,-3062778.5175,145877,-2839238.8950000005,139897,-340147.995,15240,-9100541.175,-1552162.5735000002
8.0,3,8,0.75,0.2,-2734609.05,42378,-4535205.524999999,53376,-1471520.3250000002,56827,-438997.9125,4727,-8741334.899999999,-1552649.086875
8.0,3,8,0.5,1.0,-2671958.5,42378,-4084509.75,53376,-2190026.75,56827,-389618.375,4727,-8946495.0,-1556264.35625
8.0,1,8,0.75,0.4,-3067973.7750000004,42478,-4617531.75,53476,-1141463.625,56927,-439704.375,4827,-8826969.15,-1565882.7787499998
8.0,1,10,0.25,0.2,-3675952.9124999996,116804,-3585216.7625,113535,-1934119.9749999999,102982,-369660.875,11349,-9195289.65,-1582606.92875
8.0,1,12,0.15,0.4,-3457367.3099999996,150403,-3335321.775,145927,-2455609.4850000003,139947,-370556.115,15290,-9248298.57,-1591050.6487499997
8.0,3,12,0.15,0.4,-3454557.0449999995,150303,-3325235.5949999997,145827,-2652062.6549999993,139847,-365552.91000000003,15190,-9431855.294999998,-1615832.3947499997
8.0,3,10,0.25,0.2,-3669388.75,116704,-3589460.0375000006,113435,-2241762.325,102882,-376354.275,11249,-9500611.1125,-1632086.518125
8.0,2,8,0.5,0.8,-2586367.7,42428,-3727949.5999999996,53426,-3458567.4000000004,56877,-363638.44999999995,4777,-9772884.7,-1665933.8525
8.0,2,12,0.15,0.4,-3500758.1999999997,150353,-3348969.5849999995,145877,-3117311.565,139897,-371606.94,15240,-9967039.35,-1699439.7195
8.0,1,12,0.15,0.6,-3759703.215,150403,-3621605.2125,145927,-2733789.9899999998,139947,-402108.62249999994,15290,-10115098.4175,-1738424.5050000001
8.0,3,8,0.75,0.4,-3052941.2249999996,42378,-4933095.299999999,53376,-1924900.2750000004,56827,-475355.32500000007,4727,-9910936.799999999,-1748085.9487499997
8.0,1,10,0.25,0.4,-4033524.2,116804,-3922098.9,113535,-2240004.5749999997,102982,-404144.125,11349,-10195627.674999999,-1751623.4200000002
8.0,2,10,0.25,0.2,-3734561.5625,116754,-3606254.7625,113485,-2972207.7375000003,102932,-376054.55,11299,-10313024.0625,-1753783.611875
8.0,1,8,0.75,0.6,-3387058.9125,42478,-5016183.0,53476,-1595691.375,56927,-476795.4375,4827,-9998933.2875,-1762077.48375
8.0,3,12,0.15,0.6,-3756690.7049999996,150303,-3611323.7925,145827,-2930023.3200000003,139847,-396928.215,15190,-10298037.817499999,-1763016.1908749999
8.0,2,8,0.5,1.0,-2798833.0,42428,-3993471.75,53426,-3761114.75,56877,-388118.0,4777,-10553419.5,-1796477.8250000002
8.0,3,10,0.25,0.4,-4026644.500000001,116704,-3926048.4499999997,113435,-2547316.9,102882,-410568.92500000005,11249,-10500009.850000001,-1800814.3862500002
8.0,1,8,1.0,0.2,-3665184.8499999996,42478,-5625174.0,53476,-916314.500000001,56927,-536817.75,4827,-10206673.350000001,-1826250.7650000001
8.0,2,12,0.15,0.6,-3802992.6374999993,150353,-3635160.6525000003,145877,-3395384.235,139897,-403065.88499999995,15240,-10833537.524999999,-1846716.8654999998
8.0,1,12,0.15,0.8,-4062039.1199999996,150403,-3907888.6499999994,145927,-3011970.495,139947,-433661.12999999995,15290,-10981898.265,-1885798.3612499998
8.0,3,12,0.15,0.8,-4058824.3649999993,150303,-3897411.99,145827,-3207983.985,139847,-428303.52,15190,-11164220.34,-1910199.987
8.0,2,8,0.75,0.2,-2923457.6999999997,42428,-4397074.725,53426,-3826388.0250000004,56877,-435299.7,4777,-11146920.45,-1911452.9024999999
8.0,1,10,0.25,0.6,-4391095.4875,116804,-4258981.0375,113535,-2545889.1750000003,102982,-438627.3749999999,11349,-11195965.7,-1920639.91125
8.0,2,10,0.25,0.4,-4091967.6250000005,116754,-3942991.6499999994,113485,-3277927.7249999996,102932,-410401.35,11299,-11312887.0,-1922653.7925
8.0,3,8,0.75,0.6,-3371273.4000000004,42378,-5330985.075000001,53376,-2378280.2249999996,56827,-511712.73750000005,4727,-11080538.700000001,-1943522.810625
8.0,1,8,0.75,0.8,-3706144.0500000007,42478,-5414834.25,53476,-2049919.1250000005,56927,-513886.5,4827,-11170897.425,-1958272.1887500002
8.0,3,10,0.25,0.6,-4383900.25,116704,-4262636.8625,113435,-2852871.475,102882,-444783.57499999995,11249,-11499408.5875,-1969542.2543749998
8.0,2,12,0.15,0.8,-4105227.0749999993,150353,-3921351.7199999993,145877,-3673456.9050000003,139897,-434524.82999999996,15240,-11700035.7,-1993994.0114999998
8.0,1,12,0.15,1.0,-4364375.025,150403,-4194172.0875,145927,-3290151.0,139947,-465213.63749999995,15290,-11848698.1125,-2033172.2174999998
8.0,3,12,0.15,1.0,-4360958.024999999,150303,-4183500.187499999,145827,-3485944.6500000004,139847,-459678.825,15190,-12030402.862499999,-2057383.7831249998
8.0,3,8,1.0,0.2,-3646145.4,42378,-6046940.700000001,53376,-1962027.1,56827,-585330.55,4727,-11655113.200000001,-2070198.7825000002
8.0,1,8,1.0,0.4,-4090631.6999999997,42478,-6156709.000000001,53476,-1521951.5,56927,-586272.5,4827,-11769292.200000001,-2087843.705
8.0,1,10,0.25,0.8,-4748666.775,116804,-4595863.175,113535,-2851773.7750000004,102982,-473110.625,11349,-12196303.725,-2089656.4024999999
8.0,2,10,0.25,0.6,-4449373.687499999,116754,-4279728.537500001,113485,-3583647.7125000004,102932,-444748.15,11299,-12312749.9375,-2091523.973125
8.0,2,8,0.75,0.4,-3242155.6500000004,42428,-4795357.949999999,53426,-4280209.05,56877,-472019.025,4777,-12317722.649999999,-2107268.86125
8.0,3,10,0.25,0.8,-4741156.0,116704,-4599225.275,113435,-3158426.05,102882,-478998.22500000003,11249,-12498807.325,-2138270.1225
8.0,3,8,0.75,0.8,-3689605.5749999993,42378,-5728874.850000001,53376,-2831660.175,56827,-548070.15,4727,-12250140.600000001,-2138959.6725
8.0,2,12,0.15,1.0,-4407461.512500001,150353,-4207542.7875,145877,-3951529.575,139897,-465983.775,15240,-12566533.875,-2141271.1575
8.0,1,8,0.75,1.0,-4025229.1875,42478,-5813485.5,53476,-2504146.875,56927,-550977.5625,4827,-12342861.5625,-2154466.89375
8.0,1,10,0.35,0.2,-5146334.077500001,116804,-5019303.4675,113535,-2707767.965,102982,-517525.225,11349,-12873405.510000002,-2215649.70025
8.0,1,10,0.25,1.0,-5106238.0625,116804,-4932745.3125,113535,-3157658.375,102982,-507593.875,11349,-13196641.75,-2258672.89375
8.0,2,10,0.25,0.8,-4806779.75,116754,-4616465.425,113485,-3889367.7,102932,-479094.95000000007,11299,-13312612.875,-2260394.15375
8.0,3,10,0.35,0.2,-5137144.25,116704,-5025244.0525,113435,-3138467.255,102882,-526895.985,11249,-13300855.557500001,-2284921.125375
8.0,1,14,0.15,0.2,-5167408.657500001,210935,-4752564.7875,195371,-3669331.7100000004,184492,-465529.0575,19090,-13589305.155000001,-2294436.754875
8.0,2,8,0.75,0.6,-3560853.5999999996,42428,-5193641.175000001,53426,-4734030.075,56877,-508738.35,4777,-13488524.850000001,-2303084.8200000003
8.0,3,10,0.25,1.0,-5098411.75,116704,-4935813.6875,113435,-3463980.625,102882,-513212.875,11249,-13498206.0625,-2306997.990625
8.0,3,14,0.15,0.2,-5214623.999999999,210835,-4731313.5,195271,-3869695.1774999993,184392,-466583.88,18990,-13815632.677499998,-2328966.035625
8.0,3,8,1.0,0.4,-4070588.3,42378,-6577460.399999999,53376,-2566533.7,56827,-633807.1,4727,-13214582.399999999,-2330781.265
8.0,3,8,0.75,1.0,-4007937.75,42378,-6126764.625,53376,-3285040.125,56827,-584427.5625,4727,-13419742.5,-2334396.534375
8.0,1,8,1.0,0.6,-4516078.55,42478,-6688244.0,53476,-2127588.499999999,56927,-635727.25,4827,-13331911.05,-2349436.645
8.0,1,12,0.25,0.2,-5258385.675,150403,-5081730.562500001,145927,-3629048.3,139947,-565006.0125000001,15290,-13969164.537500001,-2406127.9875000003
8.0,2,14,0.15,0.2,-5298799.672499999,210885,-4742773.845000001,195321,-4358124.000000001,184442,-466937.4825,19040,-14399697.517500002,-2416770.2430000002
8.0,2,10,0.25,1.0,-5164185.8125,116754,-4953202.3125,113485,-4195087.6875,102932,-513441.75,11299,-14312475.8125,-2429264.3343749996
8.0,3,12,0.25,0.2,-5254038.975000001,150303,-5065245.6625,145827,-3956836.65,139847,-556962.675,15190,-14276121.2875,-2447747.664375
8.0,1,10,0.35,0.4,-5646933.88,116804,-5490938.46,113535,-3136006.405,102982,-565801.775,11349,-14273878.745,-2452272.788
8.0,2,10,0.35,0.2,-5228386.187499999,116754,-5048756.6675,113485,-4161090.8325,102932,-526476.37,11299,-14438233.6875,-2455297.056625
8.0,2,8,0.75,0.8,-3879551.5500000003,42428,-5591924.4,53426,-5187851.100000001,56877,-545457.675,4777,-14659327.05,-2498900.77875
8.0,1,14,0.15,0.4,-5657214.54,210935,-5193973.05,195371,-4090390.32,184492,-508069.665,19090,-14941577.91,-2520675.00225
8.0,3,10,0.35,0.4,-5637302.299999999,116704,-5496467.830000001,113435,-3566243.66,102882,-574796.4949999999,11249,-14700013.79,-2521140.1407500003
8.0,2,8,1.0,0.2,-3897943.5999999996,42428,-5862766.300000001,53426,-5101850.699999999,56877,-580399.6,4777,-14862560.6,-2548603.87
8.0,3,14,0.15,0.4,-5704190.475,210835,-5172508.199999999,195271,-4290519.105,184392,-508920.81,18990,-15167217.78,-2554989.1125
8.0,2,12,0.25,0.2,-5330872.937499999,150353,-5104630.8625,145877,-4732064.824999999,139897,-566913.325,15240,-15167568.624999998,-2586937.6224999996
8.0,3,8,1.0,0.6,-4495031.2,42378,-7107980.100000001,53376,-3171040.3,56827,-682283.65,4727,-14774051.600000001,-2591363.7475
8.0,1,8,1.0,0.8,-4941525.4,42478,-7219779.0,53476,-2733225.4999999995,56927,-685182.0,4827,-14894529.9,-2611029.5849999995
8.0,2,14,0.15,0.4,-5788484.219999999,210885,-5184079.665,195321,-4779065.625,184442,-509374.44000000006,19040,-15751629.509999998,-2642900.3685
8.0,1,12,0.25,0.4,-5762278.85,150403,-5558869.625,145927,-4092682.475,139947,-617593.525,15290,-15413830.95,-2651751.08125
8.0,1,10,0.35,0.6,-6147533.682499999,116804,-5962573.4525,113535,-3564244.8449999997,102982,-614078.325,11349,-15674351.979999997,-2688895.8757499997
8.0,2,10,0.35,0.4,-5728754.675000001,116754,-5520188.309999999,113485,-4589098.814999999,102932,-574561.8899999999,11299,-15838041.799999997,-2691715.3094999995
8.0,3,12,0.25,0.4,-5757595.075,150303,-5542059.324999999,145827,-4420104.425,139847,-609254.8500000001,15190,-15719758.825,-2693053.9912499995
8.0,2,8,0.75,1.0,-4198249.5,42428,-5990207.625,53426,-5641672.125,56877,-582177.0,4777,-15830129.25,-2694716.7375
8.0,1,16,0.15,0.2,-5619563.760000001,221944,-5678667.0675,219249,-4701014.7299999995,210557,-545965.6125,21434,-15999245.557500001,-2700167.9205
8.0,3,16,0.15,0.2,-5664706.342499999,221844,-5666191.8,219149,-4881566.235,210457,-539919.1725,21334,-16212464.377499998,-2728825.2015
8.0,1,14,0.15,0.6,-6147020.4225,210935,-5635381.3125,195371,-4511448.929999999,184492,-550610.2725,19090,-16293850.665,-2746913.2496249997
8.0,3,10,0.35,0.6,-6137460.349999999,116704,-5967691.607499999,113435,-3994020.065,102882,-622697.0049999999,11249,-16099172.022499997,-2757359.1561249997
8.0,3,14,0.15,0.6,-6193756.949999999,210835,-5613702.9,195271,-4711343.0325,184392,-551257.74,18990,-16518802.8825,-2781012.189375
8.0,2,8,1.0,0.4,-4322874.199999999,42428,-6393810.6,53426,-5706945.399999999,56877,-629358.7,4777,-16423630.2,-2809691.8149999995
8.0,2,16,0.15,0.2,-5747307.967499999,221894,-5669452.4174999995,219199,-5379319.0275,210507,-541016.3324999999,21384,-16796079.412499998,-2816970.89475
8.0,2,12,0.25,0.4,-5834597.000000001,150353,-5581615.975,145877,-5195519.274999999,139897,-619344.9,15240,-16611732.25,-2832399.5324999997
8.0,3,8,1.0,0.8,-4919474.100000001,42378,-7638499.800000001,53376,-3775546.9,56827,-730760.2000000001,4727,-16333520.800000003,-2851946.2300000004
8.0,2,14,0.15,0.6,-6278168.7675,210885,-5625385.485,195321,-5200007.250000001,184442,-551811.3975,19040,-17103561.5025,-2869030.494
8.0,1,8,1.0,1.0,-5366972.25,42478,-7751314.0,53476,-3338862.5,56927,-734636.75,4827,-16457148.75,-2872622.525
8.0,1,12,0.25,0.6,-6266172.025000001,150403,-6036008.6875,145927,-4556316.65,139947,-670181.0375,15290,-16858497.362500004,-2897374.1750000003
8.0,1,10,0.35,0.8,-6648133.485,116804,-6434208.444999999,113535,-3992483.2849999988,102982,-662354.875,11349,-17074825.215,-2925518.9634999996
8.0,2,10,0.35,0.6,-6229123.162500001,116754,-5991619.9525,113485,-5017106.7975,102932,-622647.4099999999,11299,-17237849.9125,-2928133.562375
8.0,3,12,0.25,0.6,-6261151.175000001,150303,-6018872.987500001,145827,-4883372.2,139847,-661547.0249999999,15190,-17163396.3625,-2938360.318125
8.0,1,16,0.15,0.4,-6150572.219999998,221944,-6204723.585,219249,-5213401.709999998,210557,-596088.375,21434,-17568697.514999997,-2963153.233499999
8.0,1,14,0.15,0.8,-6636826.304999999,210935,-6076789.574999999,195371,-4932507.54,184492,-593150.88,19090,-17646123.419999998,-2973151.4969999995
8.0,3,16,0.15,0.4,-6195478.259999999,221844,-6192019.95,219149,-5393707.619999999,210457,-589829.2949999999,21334,-17781205.83,-2991586.9867499997
8.0,3,10,0.35,0.8,-6637618.399999999,116704,-6438915.385000001,113435,-4421796.47,102882,-670597.515,11249,-17498330.255,-2993578.1714999997
8.0,3,14,0.15,0.8,-6683323.425,210835,-6054897.600000001,195271,-5132166.959999999,184392,-593594.67,18990,-17870387.985,-3007035.26625
8.0,2,8,1.0,0.6,-4747804.800000001,42428,-6924854.9,53426,-6312040.100000001,56877,-678317.7999999999,4777,-17984699.8,-3070779.7600000002
8.0,2,12,0.25,0.6,-6338321.062499999,150353,-6058601.0875,145877,-5658973.7250000015,139897,-671776.475,15240,-18055895.875,-3077861.4425000004
8.0,2,16,0.15,0.4,-6278200.784999999,221894,-6195398.2349999985,219199,-5891580.779999999,210507,-591033.0149999999,21384,-18365179.799999997,-3079845.128249999
8.0,2,14,0.15,0.8,-6767853.315,210885,-6066691.304999998,195321,-5620948.875,184442,-594248.355,19040,-18455493.494999997,-3095160.6194999996
8.0,3,8,1.0,1.0,-5343917.0,42378,-8169019.5,53376,-4380053.5,56827,-779236.75,4727,-17892990.0,-3112528.7125
8.0,1,20,0.15,0.2,-6170938.725,235379,-6570580.702499998,236025,-5652728.467500001,229408,-650279.0175000001,23422,-18394247.895,-3116790.6438749996
8.0,1,12,0.25,0.8,-6770065.2,150403,-6513147.749999999,145927,-5019950.824999999,139947,-722768.5499999999,15290,-18303163.775,-3142997.2687499993
8.0,3,20,0.15,0.2,-6228455.587500002,235279,-6585935.3925,235925,-5806891.4025,229308,-654670.125,23322,-18621282.3825,-3153260.926125
8.0,1,10,0.35,1.0,-7148733.2875,116804,-6905843.437499999,113535,-4420721.725,102982,-710631.4249999999,11349,-18475298.449999996,-3162142.0512499996
8.0,2,10,0.35,0.8,-6729491.6499999985,116754,-6463051.595,113485,-5445114.779999999,102932,-670732.9299999999,11299,-18637658.025,-3164551.8152499995
8.0,1,10,0.5,0.2,-7351905.824999999,116804,-7170433.525,113535,-3868239.9499999997,102982,-739321.75,11349,-18390579.3,-3165213.8575
8.0,3,12,0.25,0.8,-6764707.274999999,150303,-6495686.649999999,145827,-5346639.975,139847,-713839.2000000001,15190,-18607033.9,-3183666.6449999996
8.0,1,14,0.15,1.0,-7126632.187499999,210935,-6518197.837500001,195371,-5353566.15,184492,-635691.4875,19090,-18998396.175,-3199389.744375
8.0,1,16,0.15,0.6,-6681580.680000001,221944,-6730780.102499999,219249,-5725788.690000001,210557,-646211.1375,21434,-19138149.4725,-3226138.5465
8.0,3,10,0.35,1.0,-7137776.449999999,116704,-6910139.1625,113435,-4849572.875,102882,-718498.025,11249,-18897488.487499997,-3229797.1868749997
8.0,3,14,0.15,1.0,-7172889.9,210835,-6496092.299999999,195271,-5552990.8875,184392,-635931.5999999999,18990,-19221973.0875,-3233058.343125
8.0,2,20,0.15,0.2,-6309243.6375,235329,-6556643.085,235975,-6327899.34,229358,-654521.4524999999,23372,-19193786.0625,-3239054.70825
8.0,3,16,0.15,0.6,-6726250.1775,221844,-6717848.1,219149,-5905849.004999999,210457,-639739.4175,21334,-19349947.2825,-3254348.7719999994
8.0,3,10,0.5,0.2,-7338777.5,116704,-7178920.075000001,113435,-4483524.65,102882,-752708.55,11249,-19001222.225,-3264173.03625
8.0,2,14,0.15,1.0,-7257537.862500001,210885,-6507997.125,195321,-6041890.499999998,184442,-636685.3124999999,19040,-19807425.487499997,-3321290.7449999996
8.0,2,12,0.25,0.8,-6842045.125000002,150353,-6535586.2,145877,-6122428.175000001,139897,-724208.05,15240,-19500059.500000004,-3323323.3525
8.0,2,8,1.0,0.8,-5172735.4,42428,-7455899.199999999,53426,-6917134.800000001,56877,-727276.8999999999,4777,-19545769.4,-3331867.705
8.0,2,16,0.15,0.6,-6809093.602499999,221894,-6721344.0525,219199,-6403842.532499999,210507,-641049.6975,21384,-19934280.1875,-3342719.361749999
8.0,1,12,0.35,0.2,-7361739.945,150403,-7114422.787499999,145927,-5080667.62,139947,-791008.4175,15290,-19556830.3525,-3368579.1825
8.0,1,12,0.25,1.0,-7273958.375,150403,-6990286.8125,145927,-5483585.0,139947,-775356.0625,15290,-19747830.1875,-3388620.3625
8.0,2,10,0.35,1.0,-7229860.137499998,116754,-6934483.237499999,113485,-5873122.7625,102932,-718818.45,11299,-20037466.137499996,-3400970.0681249998
8.0,1,20,0.15,0.4,-6750860.550000001,235379,-7175550.555,236025,-6252867.4350000005,229408,-710024.9099999999,23422,-20179278.54,-3417405.4814999998
8.0,3,12,0.35,0.2,-7355654.564999999,150303,-7091343.9275,145827,-5539571.31,139847,-779747.7449999999,15190,-19986569.8025,-3426846.730125
8.0,3,12,0.25,1.0,-7268263.375,150303,-6972500.3125,145827,-5809907.75,139847,-766131.375,15190,-20050671.4375,-3428972.9718750003
8.0,3,20,0.15,0.4,-6808117.8,235279,-7190671.035000001,235925,-6406752.779999999,229308,-714168.075,23322,-20405541.615000002,-3453623.6835
8.0,1,16,0.15,0.8,-7212589.14,221944,-7256836.619999999,219249,-6238175.669999999,210557,-696333.9,21434,-20707601.429999996,-3489123.8594999993
8.0,1,10,0.5,0.4,-8067048.4,116804,-7844197.8,113535,-4480009.149999999,102982,-808288.25,11349,-20391255.349999998,-3503246.8400000003
8.0,2,10,0.5,0.2,-7469123.125,116754,-7212509.525,113485,-5944415.475000001,102932,-752109.1,11299,-20626048.125,-3507567.22375
8.0,3,16,0.15,0.8,-7257022.094999999,221844,-7243676.249999999,219149,-6417990.389999999,210457,-689649.54,21334,-20918688.735,-3517110.557249999
8.0,2,20,0.15,0.4,-6889042.575000001,235329,-7161499.994999999,235975,-6927889.379999998,229358,-714151.605,23372,-20978431.95,-3539548.1752499994
8.0,2,12,0.25,1.0,-7345769.1875,150353,-7012571.3125,145877,-6585882.625,139897,-776639.625,15240,-20944223.125,-3568785.2624999997
8.0,2,8,1.0,1.0,-5597666.0,42428,-7986943.5,53426,-7522229.5,56877,-776236.0,4777,-21106839.0,-3592955.6500000004
8.0,3,10,0.5,0.4,-8053289.000000002,116704,-7852096.899999999,113435,-5094633.8,102882,-821137.8500000001,11249,-21000019.700000003,-3601628.7725000004
8.0,2,16,0.15,0.8,-7339986.419999999,221894,-7247289.870000001,219199,-6916104.285,210507,-691066.38,21384,-21503380.575,-3605593.59525
8.0,2,12,0.35,0.2,-7463222.1125,150353,-7146483.2075,145877,-6624890.755,139897,-793678.655,15240,-21234596.075,-3621712.6714999997
8.0,1,12,0.35,0.4,-8067190.389999998,150403,-7782417.475,145927,-5729755.464999999,139947,-864630.9349999999,15290,-21579363.33,-3712451.513749999
8.0,1,20,0.15,0.6,-7330782.375000001,235379,-7780520.407499999,236025,-6853006.402499999,229408,-769770.8025,23422,-21964309.185,-3718020.3191249995
8.0,1,16,0.15,1.0,-7743597.600000002,221944,-7782893.1375,219249,-6750562.649999999,210557,-746456.6625,21434,-22277053.387500003,-3752109.1725000003
8.0,3,20,0.15,0.6,-7387780.0125,235279,-7795406.6775,235925,-7006614.1575,229308,-773666.025,23322,-22189800.8475,-3753986.4408750003
8.0,3,12,0.35,0.4,-8060633.105000001,150303,-7758883.054999998,145827,-6188146.1949999975,139847,-852956.7899999999,15190,-22007662.354999997,-3770275.5877499995
8.0,3,16,0.15,1.0,-7787794.0125,221844,-7769504.3999999985,219149,-6930131.775,210457,-739559.6625,21334,-22487430.1875,-3779872.3425
8.0,1,14,0.25,0.2,-8612347.7625,210935,-7920941.312499998,195371,-6115552.849999999,184492,-775881.7625000002,19090,-22648841.924999997,-3824061.2581249992
8.0,2,20,0.15,0.6,-7468841.512499999,235329,-7766356.905,235975,-7527879.42,229358,-773781.7575,23372,-22763077.8375,-3840041.6422499996
8.0,1,10,0.5,0.6,-8782190.975,116804,-8517962.075,113535,-5091778.350000001,102982,-877254.7499999998,11349,-22391931.4,-3841279.8225
8.0,2,10,0.5,0.4,-8183935.250000001,116754,-7885983.299999999,113485,-6555855.449999999,102932,-820802.7,11299,-22625774.0,-3845307.585
8.0,2,16,0.15,1.0,-7870879.2375,221894,-7773235.687499998,219199,-7428366.037500001,210507,-741083.0625,21384,-23072480.9625,-3868467.82875
8.0,3,14,0.25,0.2,-8691039.999999998,210835,-7885522.500000001,195271,-6449491.9625,184392,-777639.7999999999,18990,-23026054.4625,-3881610.0593749997
8.0,3,10,0.5,0.6,-8767800.5,116704,-8525273.725,113435,-5705742.95,102882,-889567.1499999999,11249,-22998817.175,-3939084.5087499996
8.0,2,12,0.35,0.4,-8168435.8,150353,-7814262.365,145877,-7273726.984999998,139897,-867082.86,15240,-23256425.15,-3965359.3455
8.0,1,20,0.15,0.8,-7910704.199999998,235379,-8385490.26,236025,-7453145.37,229408,-829516.6950000001,23422,-23749339.83,-4018635.156749999
8.0,2,14,0.25,0.2,-8831332.7875,210885,-7904623.075,195321,-7263540.000000001,184442,-778229.1375000001,19040,-23999495.8625,-4027950.405
8.0,3,20,0.15,0.8,-7967442.225000001,235279,-8400142.320000002,235925,-7606475.534999998,229308,-833163.9750000001,23322,-23974060.08,-4054349.19825
8.0,1,12,0.35,0.6,-8772640.834999999,150403,-8450412.162499998,145927,-6378843.31,139947,-938253.4524999999,15290,-23601896.307499994,-4056323.8449999993
8.0,3,12,0.35,0.6,-8765611.645,150303,-8426422.182499997,145827,-6836721.079999999,139847,-926165.835,15190,-24028754.907499995,-4113704.445374999
8.0,2,20,0.15,0.8,-8048640.450000001,235329,-8371213.8149999995,235975,-8127869.460000002,229358,-833411.9099999999,23372,-24547723.725,-4140535.10925
8.0,1,10,0.5,0.8,-9497333.55,116804,-9191726.35,113535,-5703547.550000001,102982,-946221.25,11349,-24392607.45,-4179312.8049999997
8.0,2,10,0.5,0.6,-8898747.374999998,116754,-8559457.075000001,113485,-7167295.425000001,102932,-889496.3,11299,-24625499.875,-4183047.94625
8.0,1,14,0.25,0.4,-9428690.900000002,210935,-8656621.75,195371,-6817317.199999999,184492,-846782.775,19090,-24902629.85,-4201125.00375
8.0,3,14,0.25,0.4,-9506984.125,210835,-8620846.999999998,195271,-7150865.175000001,184392,-848201.35,18990,-25278696.3,-4258315.1875
8.0,3,10,0.5,0.8,-9482312.0,116704,-9198450.55,113435,-6316852.1,102882,-957996.4500000001,11249,-24997614.65,-4276540.245
8.0,2,12,0.35,0.6,-8873649.4875,150353,-8482041.5225,145877,-7922563.215000001,139897,-940487.0649999998,15240,-25278254.225,-4309006.0195
8.0,1,20,0.15,1.0,-8490626.025,235379,-8990460.112499999,236025,-8053284.337499998,229408,-889262.5875,23422,-25534370.474999998,-4319249.994375
8.0,3,20,0.15,1.0,-8547104.4375,235279,-9004877.9625,235925,-8206336.912500001,229308,-892661.9249999999,23322,-25758319.3125,-4354711.955625
8.0,1,12,0.35,0.8,-9478091.28,150403,-9118406.85,145927,-7027931.154999999,139947,-1011875.97,15290,-25624429.284999996,-4400196.17625
8.0,2,14,0.25,0.4,-9647473.700000001,210885,-8640132.774999999,195321,-7965109.374999998,184442,-848957.4,19040,-26252715.85,-4404833.9475
8.0,2,20,0.15,1.0,-8628439.3875,235329,-8976070.725,235975,-8727859.500000002,229358,-893042.0625,23372,-26332369.612499997,-4441028.57625
8.0,3,12,0.35,0.8,-9470590.184999999,150303,-9093961.31,145827,-7485295.965,139847,-999374.88,15190,-26049847.459999997,-4457133.302999999
8.0,1,16,0.25,0.2,-9365939.600000001,221944,-9464445.1125,219249,-7835024.550000001,210557,-909942.6875,21434,-26665409.262500003,-4500279.867500001
8.0,1,10,0.5,1.0,-10212476.125,116804,-9865490.625,113535,-6315316.75,102982,-1015187.75,11349,-26393283.5,-4517345.7875
8.0,2,10,0.5,0.8,-9613559.5,116754,-9232930.85,113485,-7778735.4,102932,-958189.9000000001,11299,-26625225.75,-4520788.3075
8.0,3,16,0.25,0.2,-9441177.237499999,221844,-9443653.0,219149,-8135943.724999999,210457,-899865.2875,21334,-27020773.962499995,-4548042.0024999995
8.0,1,14,0.25,0.6,-10245034.0375,210935,-9392302.187500002,195371,-7519081.550000001,184492,-917683.7875,19090,-27156417.775000002,-4578188.749375
8.0,3,10,0.5,1.0,-10196823.5,116704,-9871627.375,113435,-6927961.25,102882,-1026425.75,11249,-26996412.125,-4613995.98125
8.0,3,14,0.25,0.6,-10322928.25,210835,-9356171.500000002,195271,-7852238.387499998,184392,-918762.8999999999,18990,-27531338.1375,-4635020.315625
8.0,2,12,0.35,0.8,-9578863.175,150353,-9149820.68,145877,-8571399.444999998,139897,-1013891.2699999999,15240,-27300083.299999997,-4652652.6935
8.0,2,16,0.25,0.2,-9578846.612500003,221894,-9449087.3625,219199,-8965531.712499999,210507,-901693.8875,21384,-27993465.6875,-4694951.49125
8.0,1,12,0.35,1.0,-10183541.725,150403,-9786401.537499998,145927,-7677019.000000001,139947,-1085498.4874999998,15290,-27646962.262499996,-4744068.5075
8.0,1,10,0.75,0.2,-11027858.7375,116804,-10755650.287500001,113535,-5802359.925000001,102982,-1108982.625,11349,-27585868.950000003,-4747820.786250001
8.0,2,14,0.25,0.6,-10463614.612499999,210885,-9375642.475000001,195321,-8666678.750000002,184442,-919685.6625,19040,-28505935.8375,-4781717.49
8.0,3,12,0.35,1.0,-10175568.725,150303,-9761500.437499998,145827,-8133870.850000001,139847,-1072583.9249999998,15190,-28070940.0125,-4800562.160625
8.0,1,12,0.5,0.2,-10516771.35,150403,-10163461.125000002,145927,-7258096.6,139947,-1130012.0250000001,15290,-27938329.075000003,-4812255.975000001
8.0,2,10,0.5,1.0,-10328371.625,116754,-9906404.625,113485,-8390175.375,102932,-1026883.5,11299,-28624951.625,-4858528.668749999
8.0,3,12,0.5,0.2,-10508077.950000001,150303,-10130491.325,145827,-7913673.3,139847,-1113925.35,15190,-28552242.575,-4895495.32875
8.0,3,10,0.75,0.2,-11008166.249999998,116704,-10768380.1125,113435,-6725286.975,102882,-1129062.825,11249,-28501833.3375,-4896259.554374999
8.0,1,16,0.25,0.4,-10250953.699999997,221944,-10341205.975000003,219249,-8689002.85,210557,-993480.625,21434,-29281162.525,-4938588.7225
8.0,1,14,0.25,0.8,-11061377.175,210935,-10127982.625000004,195371,-8220845.9,184492,-988584.8,19090,-29410205.700000003,-4955252.495
8.0,3,16,0.25,0.4,-10325797.100000001,221844,-10320033.250000002,219149,-8989512.700000001,210457,-983048.825,21334,-29635343.050000004,-4985978.31125
8.0,2,12,0.35,1.0,-10284076.862500003,150353,-9817599.837499999,145877,-9220235.674999999,139897,-1087295.4749999999,15240,-29321912.375,-4996299.3675
8.0,3,14,0.25,0.8,-11138872.375,210835,-10091495.999999998,195271,-8553611.6,184392,-989324.4500000001,18990,-29783979.975,-5011725.44375
8.0,2,16,0.25,0.4,-10463667.975000001,221894,-10325663.725,219199,-9819301.3,210507,-985055.025,21384,-30608633.000000004,-5133075.21375
8.0,2,14,0.25,0.8,-11279755.525,210885,-10111152.175,195321,-9368248.125,184442,-990413.925,19040,-30759155.825000003,-5158601.032500001
8.0,2,12,0.5,0.2,-10661745.874999998,150353,-10209261.725,145877,-9464129.649999999,139897,-1133826.65,15240,-30335137.249999996,-5173875.244999999
8.0,1,20,0.25,0.2,-10284897.874999998,235379,-10950967.837499999,236025,-9421214.1125,229408,-1083798.3625,23422,-30657079.825,-5194651.073124999
8.0,1,10,0.75,0.4,-12100572.600000001,116804,-11766296.7,113535,-6720013.725000001,102982,-1212432.375,11349,-30586883.025000002,-5254870.26
8.0,3,20,0.25,0.2,-10380759.3125,235279,-10976558.987499999,235925,-9678152.3375,229308,-1091116.875,23322,-31035470.637499996,-5255434.876874999
8.0,2,10,0.75,0.2,-11203684.6875,116754,-10818764.287499998,113485,-8916623.2125,102932,-1128163.65,11299,-30939072.1875,-5261350.835625
8.0,1,12,0.5,0.4,-11524557.7,150403,-11117739.25,145927,-8185364.95,139947,-1235187.05,15290,-30827661.9,-5303502.1625
8.0,1,14,0.25,1.0,-11877720.3125,210935,-10863663.0625,195371,-8922610.25,184492,-1059485.8125,19090,-31663993.625,-5332316.240625
8.0,1,14,0.35,0.2,-12057286.8675,210935,-11089317.837499999,195371,-8561773.989999998,184492,-1086234.4675,19090,-31708378.694999997,-5353685.761374999
8.0,1,16,0.25,0.6,-11135967.8,221944,-11217966.837499999,219249,-9542981.15,210557,-1077018.5625,21434,-31896915.7875,-5376897.577500001
8.0,3,12,0.5,0.4,-11515190.15,150303,-11084118.649999999,145827,-8840208.85,139847,-1218509.7000000002,15190,-31439517.65,-5386107.982499999
8.0,3,14,0.25,1.0,-11954816.5,210835,-10826820.5,195271,-9254984.8125,184392,-1059886.0,18990,-32036621.8125,-5388430.571874999
8.0,2,20,0.25,0.2,-10515406.0625,235329,-10927738.475,235975,-10546498.9,229358,-1090869.0875000001,23372,-31989643.4375,-5398424.51375
8.0,3,10,0.75,0.4,-12079933.499999998,116704,-11778145.349999998,113435,-7641950.7,102882,-1231706.775,11249,-31500029.549999993,-5402443.1587499995
8.0,3,16,0.25,0.6,-11210416.9625,221844,-11196413.499999998,219149,-9843081.674999999,210457,-1066232.3625,21334,-32249912.137499996,-5423914.619999999
8.0,3,14,0.35,0.2,-12167455.999999998,210835,-11039731.500000002,195271,-9029288.747499999,184392,-1088695.72,18990,-32236476.2475,-5434254.083124999
8.0,2,14,0.25,1.0,-12095896.4375,210885,-10846661.875,195321,-10069817.5,184442,-1061142.1875,19040,-33012375.8125,-5535484.575
8.0,2,16,0.25,0.6,-11348489.337499997,221894,-11202240.087499999,219199,-10673070.8875,210507,-1068416.1625,21384,-33223800.312499996,-5571198.936249999
8.0,2,14,0.35,0.2,-12363865.9025,210885,-11066472.304999996,195321,-10168955.999999998,184442,-1089520.7925,19040,-33599294.207499996,-5639130.566999999
8.0,2,12,0.5,0.4,-11669194.000000002,150353,-11163231.95,145877,-10391038.549999999,139897,-1238689.8,15240,-33223464.5,-5664799.0649999995
8.0,1,20,0.25,0.4,-11251434.250000002,235379,-11959250.925,236025,-10421445.724999998,229408,-1183374.85,23422,-33632130.900000006,-5695675.8025
8.0,3,20,0.25,0.4,-11346863.0,235279,-11984451.725000001,235925,-10677921.299999999,229308,-1190280.125,23322,-34009236.025,-5756039.4725
8.0,1,10,0.75,0.6,-13173286.462499999,116804,-12776943.1125,113535,-7637667.525,102982,-1315882.125,11349,-33587897.1,-5761919.73375
8.0,2,10,0.75,0.4,-12275902.874999998,116754,-11828974.95,113485,-9833783.174999999,102932,-1231204.05,11299,-33938660.99999999,-5767961.3774999995
8.0,1,12,0.5,0.6,-12532344.050000003,150403,-12072017.375,145927,-9112633.3,139947,-1340362.075,15290,-33716994.72500001,-5794748.350000001
8.0,1,16,0.25,0.8,-12020981.899999997,221944,-12094727.700000001,219249,-10396959.450000001,210557,-1160556.5,21434,-34512669.05,-5815206.4325
8.0,3,16,0.25,0.8,-12095036.824999997,221844,-12072793.75,219149,-10696650.649999999,210457,-1149415.9,21334,-34864481.224999994,-5861850.928749999
8.0,3,12,0.5,0.6,-12522302.350000001,150303,-12037745.975000001,145827,-9766744.4,139847,-1323094.0499999998,15190,-34326792.725,-5876720.63625
8.0,1,14,0.35,0.4,-13200167.26,210935,-12119270.450000001,195371,-9544244.08,184492,-1185495.885,19090,-34863681.79,-5881575.005249999
8.0,2,20,0.25,0.4,-11481737.624999998,235329,-11935833.325000001,235975,-11546482.299999999,229358,-1190252.6749999998,23372,-34964053.25,-5899246.958749999
8.0,3,10,0.75,0.6,-13151700.750000002,116704,-12787910.5875,113435,-8558614.424999999,102882,-1334350.725,11249,-34498225.7625,-5908626.7631250005
8.0,3,14,0.35,0.4,-13309777.775,210835,-12069185.8,195271,-10011211.245000001,184392,-1187481.89,18990,-35390174.82000001,-5961641.2625
8.0,2,16,0.25,0.8,-12233310.700000001,221894,-12078816.450000001,219199,-11526840.475,210507,-1151777.3,21384,-35838967.625,-6009322.65875
8.0,2,12,0.5,0.6,-12676642.124999998,150353,-12117202.175,145877,-11317947.450000003,139897,-1343552.95,15240,-36111791.75,-6155722.885000001
8.0,2,14,0.35,0.4,-13506463.180000002,210885,-12096185.884999998,195321,-11151153.125,184442,-1188540.3599999999,19040,-36753802.19,-6166767.5265
8.0,1,20,0.25,0.6,-12217970.624999998,235379,-12967534.012499997,236025,-11421677.337500002,229408,-1282951.3375,23422,-36607181.974999994,-6196700.531874999
8.0,1,16,0.25,1.0,-12905996.0,221944,-12971488.5625,219249,-11250937.75,210557,-1244094.4375,21434,-37128422.3125,-6253515.2875
8.0,3,20,0.25,0.6,-12312966.6875,235279,-12992344.462499999,235925,-11677690.262500001,229308,-1289443.375,23322,-36983001.4125,-6256644.068125
8.0,1,10,0.75,0.8,-14246000.325000001,116804,-13787589.525,113535,-8555321.325,102982,-1419331.875,11349,-36588911.175,-6268969.2075
8.0,2,10,0.75,0.6,-13348121.062500002,116754,-12839185.6125,113485,-10750943.137500001,102932,-1334244.45,11299,-36938249.81250001,-6274571.9193750005
8.0,1,12,0.5,0.8,-13540130.4,150403,-13026295.499999998,145927,-10039901.649999999,139947,-1445537.0999999999,15290,-36606327.55,-6285994.537499999
8.0,3,16,0.25,1.0,-12979656.6875,221844,-12949174.0,219149,-11550219.625,210457,-1232599.4375,21334,-37479050.3125,-6299787.237499999
8.0,1,16,0.35,0.2,-13112315.439999998,221944,-13250223.157499999,219249,-10969034.370000001,210557,-1273919.7625,21434,-37331572.9675,-6300391.814499999
8.0,1,10,1.0,0.2,-14703811.649999999,116804,-14340867.05,113535,-7736479.899999999,102982,-1478643.5,11349,-36781158.6,-6330427.715
8.0,3,16,0.35,0.2,-13217648.1325,221844,-13221114.199999997,219149,-11390321.215,210457,-1259811.4025,21334,-37829083.5475,-6367258.803499999
8.0,3,12,0.5,0.8,-13529414.549999999,150303,-12991373.299999999,145827,-10693279.95,139847,-1427678.4000000001,15190,-37214067.8,-6367333.289999999
8.0,2,20,0.25,0.6,-12448069.1875,235329,-12943928.174999997,235975,-12546465.700000003,229358,-1289636.2625000002,23372,-37938463.0625,-6400069.4037500005
8.0,1,14,0.35,0.6,-14343047.652499998,210935,-13149223.062499998,195371,-10526714.169999998,184492,-1284757.3025,19090,-38018984.88499999,-6409464.249124998
8.0,3,10,0.75,0.8,-14223468.0,116704,-13797675.825,113435,-9475278.15,102882,-1436994.675,11249,-37496421.975,-6414810.3675
8.0,2,16,0.25,1.0,-13118132.0625,221894,-12955392.8125,219199,-12380610.0625,210507,-1235138.4375,21384,-38454134.9375,-6447446.38125
8.0,3,14,0.35,0.6,-14452099.55,210835,-13098640.1,195271,-10993133.742499998,184392,-1286268.06,18990,-38543873.3925,-6489028.441875
8.0,3,10,1.0,0.2,-14677555.0,116704,-14357840.150000002,113435,-8967049.3,102882,-1505417.1,11249,-38002444.45,-6528346.0725
8.0,2,16,0.35,0.2,-13410385.257499998,221894,-13228722.3075,219199,-12551744.397499999,210507,-1262371.4425,21384,-39190851.9625,-6572932.087749999
8.0,2,12,0.5,0.8,-13684090.250000004,150353,-13071172.4,145877,-12244856.350000001,139897,-1448416.1,15240,-39000119.00000001,-6646646.705
8.0,2,14,0.35,0.6,-14649060.457500001,210885,-13125899.464999996,195321,-12133350.249999998,184442,-1287559.9274999998,19040,-39908310.1725,-6694404.486
8.0,1,20,0.25,0.8,-13184507.000000002,235379,-13975817.100000003,236025,-12421908.95,229408,-1382527.825,23422,-39582233.050000004,-6697725.26125
8.0,3,20,0.25,0.8,-13279070.374999996,235279,-14000237.2,235925,-12677459.225,229308,-1388606.625,23322,-39956766.8,-6757248.663749999
8.0,1,10,0.75,1.0,-15318714.1875,116804,-14798235.9375,113535,-9472975.125,102982,-1522781.625,11349,-39589925.25,-6776018.681249999
8.0,1,12,0.5,1.0,-14547916.75,150403,-13980573.625,145927,-10967170.0,139947,-1550712.125,15290,-39495660.375,-6777240.725
8.0,2,10,0.75,0.8,-14420339.25,116754,-13849396.275000002,113485,-11668103.100000001,102932,-1437284.85,11299,-39937838.625,-6781182.46125
8.0,3,12,0.5,1.0,-14536526.75,150303,-13945000.625,145827,-11619815.5,139847,-1532262.75,15190,-40101342.875,-6857945.943750001
8.0,2,20,0.25,0.8,-13414400.749999998,235329,-13952023.025000002,235975,-13546449.099999998,229358,-1389019.85,23372,-40912872.875,-6900891.84875
8.0,1,16,0.35,0.4,-14351335.18,221944,-14477688.365000002,219249,-12164603.989999998,210557,-1390872.875,21434,-40993627.535,-6914024.211499999
8.0,3,10,0.75,1.0,-15295235.25,116704,-14807441.0625,113435,-10391941.875,102882,-1539638.625,11249,-40494618.1875,-6920993.971875
8.0,1,14,0.35,0.8,-15485928.045,210935,-14179175.674999999,195371,-11509184.26,184492,-1384018.72,19090,-41174287.98,-6937353.493000001
8.0,3,16,0.35,0.4,-14456115.94,221844,-14448046.549999995,219149,-12585317.78,210457,-1376268.355,21334,-41489480.269999996,-6980369.635749999
8.0,1,10,1.0,0.4,-16134096.8,116804,-15688395.6,113535,-8960018.299999999,102982,-1616576.5,11349,-40782510.699999996,-7006493.680000001
8.0,2,10,1.0,0.2,-14938246.25,116754,-14425019.05,113485,-11888830.950000001,102932,-1504218.2,11299,-41252096.25,-7015134.4475
8.0,3,14,0.35,0.8,-15594421.325000003,210835,-14128094.400000002,195271,-11975056.239999998,184392,-1385054.23,18990,-41697571.965,-7016415.621250001
8.0,2,12,0.5,1.0,-14691538.375,150353,-14025142.625,145877,-13171765.25,139897,-1553279.25,15240,-41888446.25,-7137570.524999999
8.0,2,16,0.35,0.4,-14649135.165,221894,-14455929.214999998,219199,-13747021.819999998,210507,-1379077.035,21384,-42852086.199999996,-7186305.299249999
8.0,1,20,0.25,1.0,-14151043.375,235379,-14984100.1875,236025,-13422140.5625,229408,-1482104.3125,23422,-42557284.125,-7198749.990625
8.0,3,10,1.0,0.4,-16106578.000000004,116704,-15704193.799999999,113435,-10189267.6,102882,-1642275.7000000002,11249,-42000039.400000006,-7203257.545000001
8.0,1,12,0.75,0.2,-15775157.024999999,150403,-15245191.687499998,145927,-10887144.9,139947,-1695018.0375,15290,-41907493.6125,-7218383.962499999
8.0,2,14,0.35,0.8,-15791657.734999998,210885,-14155613.044999998,195321,-13115547.375,184442,-1386579.495,19040,-43062818.154999994,-7222041.445499999
8.0,3,20,0.25,1.0,-14245174.0625,235279,-15008129.9375,235925,-13677228.1875,229308,-1487769.875,23322,-42930532.1875,-7257853.259375
8.0,1,20,0.35,0.2,-14398857.025,235379,-15331354.972499995,236025,-13189699.757499997,229408,-1517317.7075,23422,-42919911.754999995,-7272511.502374999
8.0,2,10,0.75,1.0,-15492557.4375,116754,-14859606.9375,113485,-12585263.0625,102932,-1540325.25,11299,-42937427.4375,-7287793.003125
8.0,3,12,0.75,0.2,-15762116.924999999,150303,-15195736.987499999,145827,-11870509.950000001,139847,-1670888.0250000001,15190,-42828363.8625,-7343242.993124999
8.0,3,20,0.35,0.2,-14533063.037500001,235279,-15367182.582499994,235925,-13549413.272499997,229308,-1527563.625,23322,-43449658.8925,-7357608.827624998
8.0,2,20,0.25,1.0,-14380732.3125,235329,-14960117.875,235975,-14546432.5,229358,-1488403.4375,23372,-43887282.6875,-7401714.293749999
8.0,1,14,0.35,1.0,-16628808.4375,210935,-15209128.2875,195371,-12491654.35,184492,-1483280.1375,19090,-44329591.075,-7465242.7368749995
8.0,1,16,0.35,0.6,-15590354.919999998,221944,-15705153.5725,219249,-13360173.609999998,210557,-1507825.9874999998,21434,-44655682.1025,-7527656.608499999
8.0,3,14,0.35,1.0,-16736743.099999998,210835,-15157548.699999994,195271,-12956978.737500003,184392,-1483840.4,18990,-44851270.537499994,-7543802.800624998
8.0,2,20,0.35,0.2,-14721568.487499999,235329,-15298833.864999998,235975,-14765098.459999997,229358,-1527216.7224999997,23372,-44785500.8125,-7557794.319249999
8.0,3,16,0.35,0.6,-15694583.747499993,221844,-15674978.9,219149,-13780314.345000003,210457,-1492725.3074999999,21334,-45149876.99249999,-7593480.4679999985
8.0,1,14,0.5,0.2,-17224695.525,210935,-15841882.624999996,195371,-12231105.699999997,184492,-1551763.5250000004,19090,-45297683.849999994,-7648122.5162499985
8.0,1,10,1.0,0.6,-17564381.95,116804,-17035924.15,113535,-10183556.700000001,102982,-1754509.4999999995,11349,-44783862.8,-7682559.645
8.0,2,10,1.0,0.4,-16367870.500000002,116754,-15771966.599999998,113485,-13111710.899999999,102932,-1641605.4,11299,-45251548.0,-7690615.17
8.0,2,14,0.35,1.0,-16934255.012500003,210885,-15185326.624999998,195321,-14097744.499999998,184442,-1485599.0624999998,19040,-46217326.1375,-7749678.405
8.0,2,12,0.75,0.2,-15992618.812500004,150353,-15313892.5875,145877,-14196194.475000001,139897,-1700739.975,15240,-45502705.87500001,-7760812.867500002
8.0,3,14,0.5,0.2,-17382079.999999996,210835,-15771045.000000002,195271,-12898983.925,184392,-1555279.5999999999,18990,-46052108.925,-7763220.118749999
8.0,2,16,0.35,0.6,-15887885.0725,221894,-15683136.122499997,219199,-14942299.242500002,210507,-1495782.6275,21384,-46513320.4375,-7799678.510749999
8.0,3,10,1.0,0.6,-17535601.0,116704,-17050547.45,113435,-11411485.9,102882,-1779134.2999999998,11249,-45997634.35,-7878169.017499999
8.0,1,12,0.75,0.4,-17286836.55,150403,-16676608.875,145927,-12278047.425000003,139947,-1852780.575,15290,-46241492.85,-7955253.24375
8.0,1,20,0.35,0.4,-15752007.950000005,235379,-16742951.294999994,236025,-14590024.014999999,229408,-1656724.79,23422,-47084983.26,-7973946.1235
8.0,2,14,0.5,0.2,-17662665.575,210885,-15809246.15,195321,-14527080.000000002,184442,-1556458.2750000001,19040,-47998991.725,-8055900.81
8.0,3,20,0.35,0.4,-15885608.199999997,235279,-16778232.415,235925,-14949089.819999997,229308,-1666392.1749999998,23322,-47612930.43499999,-8058455.261499999
8.0,3,12,0.75,0.4,-17272785.225,150303,-16626177.975000001,145827,-13260313.275000002,139847,-1827764.5499999998,15190,-47159276.47500001,-8079161.97375
8.0,1,16,0.35,0.8,-16829374.66,221944,-16932618.779999997,219249,-14555743.230000002,210557,-1624779.0999999999,21434,-48317736.67,-8141289.0055
8.0,3,16,0.35,0.8,-16933051.554999996,221844,-16901911.249999996,219149,-14975310.909999998,210457,-1609182.2600000002,21334,-48810273.71499999,-8206591.3002499975
8.0,2,20,0.35,0.4,-16074432.674999999,235329,-16710166.654999997,235975,-16165075.22,229358,-1666353.7449999999,23372,-48949674.55,-8258945.742249999
8.0,1,10,1.0,0.8,-18994667.1,116804,-18383452.7,113535,-11407095.100000001,102982,-1892442.5,11349,-48785214.9,-8358625.609999999
8.0,2,10,1.0,0.6,-17797494.749999996,116754,-17118914.150000002,113485,-14334590.850000001,102932,-1778992.6,11299,-49250999.75,-8366095.8925
8.0,1,14,0.5,0.4,-18857381.800000004,210935,-17313243.5,195371,-13634634.399999999,184492,-1693565.55,19090,-49805259.7,-8402250.0075
8.0,2,16,0.35,0.8,-17126634.979999997,221894,-16910343.03,219199,-16137576.664999995,210507,-1612488.22,21384,-50174554.675,-8413051.72225
8.0,2,12,0.75,0.4,-17503791.0,150353,-16744847.925,145877,-15586557.825000003,139897,-1858034.7000000002,15240,-49835196.75,-8497198.5975
8.0,3,14,0.5,0.4,-19013968.25,210835,-17241693.999999996,195271,-14301730.350000001,184392,-1696402.7,18990,-50557392.6,-8516630.375
8.0,3,10,1.0,0.8,-18964624.0,116704,-18396901.1,113435,-12633704.2,102882,-1915992.9000000001,11249,-49995229.3,-8553080.49
8.0,1,20,0.35,0.6,-17105158.875,235379,-18154547.617500003,236025,-15990348.2725,229408,-1796131.8725,23422,-51250054.76500001,-8675380.744625
8.0,1,12,0.75,0.6,-18798516.074999996,150403,-18108026.062499996,145927,-13668949.949999997,139947,-2010543.1125,15290,-50575492.08749998,-8692122.524999999
8.0,1,16,0.35,1.0,-18068394.400000002,221944,-18160083.987500004,219249,-15751312.85,210557,-1741732.2125,21434,-51979791.237500004,-8754921.4025
8.0,3,20,0.35,0.6,-17238153.3625,235279,-18189282.2475,235925,-16348766.367499994,229308,-1805220.725,23322,-51776201.97749999,-8759301.695375
8.0,2,14,0.5,0.4,-19294947.400000002,210885,-17280265.549999997,195321,-15930218.749999996,184442,-1697914.8,19040,-52505431.7,-8809667.895
8.0,3,12,0.75,0.6,-18783453.525,150303,-18056618.9625,145827,-14650116.600000001,139847,-1984641.0750000002,15190,-51490189.0875,-8815080.954375
8.0,3,16,0.35,1.0,-18171519.3625,221844,-18128843.599999994,219149,-16170307.475000001,210457,-1725639.2125,21334,-52470670.43749999,-8819702.132499998
8.0,2,20,0.35,0.6,-17427296.862500004,235329,-18121499.445,235975,-17565051.979999997,229358,-1805490.7674999998,23372,-53113848.2875,-8960097.16525
8.0,1,16,0.5,0.2,-18731879.200000003,221944,-18928890.225,219249,-15670049.100000001,210557,-1819885.375,21434,-53330818.525000006,-9000559.735000001
8.0,2,16,0.35,1.0,-18365384.887499996,221894,-18137549.937499996,219199,-17332854.087500002,210507,-1729193.8125,21384,-53835788.912499994,-9026424.933749998
8.0,1,10,1.0,1.0,-20424952.25,116804,-19730981.25,113535,-12630633.5,102982,-2030375.5,11349,-52786567.0,-9034691.575
8.0,2,10,1.0,0.8,-19227119.0,116754,-18465861.7,113485,-15557470.8,102932,-1916379.8000000003,11299,-53250451.5,-9041576.615
8.0,3,16,0.5,0.2,-18882354.474999998,221844,-18887306.0,219149,-16271887.449999997,210457,-1799730.575,21334,-54041547.92499999,-9096084.004999999
8.0,1,14,0.5,0.6,-20490068.075,210935,-18784604.375000004,195371,-15038163.100000001,184492,-1835367.575,19090,-54312835.550000004,-9156377.49875
8.0,3,10,1.0,1.0,-20393647.0,116704,-19743254.75,113435,-13855922.5,102882,-2052851.5,11249,-53992824.25,-9227991.9625
8.0,2,12,0.75,0.6,-19014963.1875,150353,-18175803.2625,145877,-16976921.174999997,139897,-2015329.4249999998,15240,-54167687.625,-9233584.3275
8.0,3,14,0.5,0.6,-20645856.5,210835,-18712343.000000004,195271,-15704476.774999997,184392,-1837525.7999999998,18990,-55062676.275,-9270040.63125
8.0,1,20,0.35,0.8,-18458309.799999997,235379,-19566143.939999998,236025,-17390672.529999997,229408,-1935538.9549999998,23422,-55415126.269999996,-9376815.365749998
8.0,2,16,0.5,0.2,-19157693.225000005,221894,-18898174.725,219199,-17931063.424999997,210507,-1803387.775,21384,-55986931.375,-9389902.9825
8.0,1,12,0.75,0.8,-20310195.6,150403,-19539443.25,145927,-15059852.474999998,139947,-2168305.65,15290,-54909491.325,-9428991.80625
8.0,3,20,0.35,0.8,-18590698.525,235279,-19600332.080000002,235925,-17748442.915,229308,-1944049.275,23322,-55939473.52,-9460148.12925
8.0,3,12,0.75,0.8,-20294121.825,150303,-19487059.950000003,145827,-16039919.925,139847,-2141517.5999999996,15190,-55821101.7,-9550999.934999999
8.0,2,14,0.5,0.6,-20927229.224999998,210885,-18751284.950000003,195321,-17333357.500000004,184442,-1839371.325,19040,-57011871.675,-9563434.98
8.0,1,12,1.0,0.2,-21033542.7,150403,-20326922.250000004,145927,-14516193.2,139947,-2260024.0500000003,15290,-55876658.150000006,-9624511.950000001
8.0,2,20,0.35,0.8,-18780161.049999997,235329,-19532832.235000003,235975,-18965028.74,229358,-1944627.79,23372,-57278022.02499999,-9661248.58825
8.0,2,10,1.0,1.0,-20656743.25,116754,-19812809.25,113485,-16780350.75,102932,-2053767.0,11299,-57249903.25,-9717057.337499999
8.0,3,12,1.0,0.2,-21016155.900000002,150303,-20260982.65,145827,-15827346.6,139847,-2227850.7,15190,-57104485.15,-9790990.6575
8.0,1,16,0.5,0.4,-20501907.399999995,221944,-20682411.950000007,219249,-17378005.7,210557,-1986961.25,21434,-58562325.05,-9877177.445
8.0,1,14,0.5,0.8,-22122754.35,210935,-20255965.250000007,195371,-16441691.8,184492,-1977169.6,19090,-58820411.400000006,-9910504.99
8.0,2,12,0.75,0.8,-20526135.374999996,150353,-19606758.599999998,145877,-18367284.525000002,139897,-2172624.1500000004,15240,-58500178.5,-9969970.0575
8.0,3,16,0.5,0.4,-20651594.200000003,221844,-20640066.500000004,219149,-17979025.400000002,210457,-1966097.65,21334,-59270686.10000001,-9971956.6225
8.0,3,14,0.5,0.8,-22277744.75,210835,-20182991.999999996,195271,-17107223.2,184392,-1978648.9000000001,18990,-59567959.95,-10023450.8875
8.0,1,20,0.35,1.0,-19811460.725000005,235379,-20977740.2625,236025,-18790996.787499998,229408,-2074946.0374999996,23422,-59580197.775000006,-10078249.986875
8.0,3,20,0.35,1.0,-19943243.687499996,235279,-21011381.9125,235925,-19148119.462500002,229308,-2082877.8249999997,23322,-60102745.0625,-10160994.563125
8.0,1,12,0.75,1.0,-21821875.125,150403,-20970860.4375,145927,-16450755.0,139947,-2326068.1875,15290,-59243490.5625,-10165861.087499999
8.0,2,16,0.5,0.4,-20927335.950000003,221894,-20651327.45,219199,-19638602.6,210507,-1970110.05,21384,-61217266.00000001,-10266150.4275
8.0,3,12,0.75,1.0,-21804790.125,150303,-20917500.9375,145827,-17429723.25,139847,-2298394.125,15190,-60152014.3125,-10286918.915624999
8.0,2,14,0.5,0.8,-22559511.05,210885,-20222304.35,195321,-18736496.25,184442,-1980827.85,19040,-61518311.650000006,-10317202.065000001
8.0,2,12,1.0,0.2,-21323491.749999996,150353,-20418523.45,145877,-18928259.299999997,139897,-2267653.3,15240,-60670274.49999999,-10347750.489999998
8.0,2,20,0.35,1.0,-20133025.23749999,235329,-20944165.025,235975,-20365005.500000004,229358,-2083764.8125,23372,-61442195.76249999,-10362400.011249999
8.0,1,20,0.5,0.2,-20569795.749999996,235379,-21901935.674999997,236025,-18842428.225,229408,-2167596.725,23422,-61314159.65,-10389302.146249998
8.0,3,20,0.5,0.2,-20761518.625,235279,-21953117.974999998,235925,-19356304.675,229308,-2182233.75,23322,-62070941.27499999,-10510869.753749998
8.0,1,12,1.0,0.4,-23049115.4,150403,-22235478.5,145927,-16370729.9,139947,-2470374.1,15290,-61655323.8,-10607004.325
8.0,1,14,0.5,1.0,-23755440.625,210935,-21727326.125,195371,-17845220.5,184492,-2118971.625,19090,-63327987.25,-10664632.48125
8.0,2,12,0.75,1.0,-22037307.5625,150353,-21037713.9375,145877,-19757647.875,139897,-2329918.875,15240,-62832669.375,-10706355.7875
8.0,1,16,0.5,0.6,-22271935.6,221944,-22435933.674999997,219249,-19085962.3,210557,-2154037.125,21434,-63793831.575,-10753795.155000001
8.0,3,12,1.0,0.4,-23030380.3,150303,-22168237.299999997,145827,-17680417.7,139847,-2437019.4000000004,15190,-62879035.3,-10772215.964999998
8.0,3,14,0.5,1.0,-23909633.0,210835,-21653641.0,195271,-18509969.625,184392,-2119772.0,18990,-64073243.625,-10776861.143749999
8.0,2,20,0.5,0.2,-21030812.125,235329,-21855476.95,235975,-21092997.8,229358,-2181738.1750000003,23372,-63979286.875,-10796849.0275
8.0,3,16,0.5,0.6,-22420833.925,221844,-22392826.999999996,219149,-19686163.349999998,210457,-2132464.725,21334,-64499824.27499999,-10847829.239999998
8.0,2,14,0.5,1.0,-24191792.875,210885,-21693323.75,195321,-20139635.0,184442,-2122284.375,19040,-66024751.625,-11070969.15
8.0,2,16,0.5,0.6,-22696978.674999993,221894,-22404480.174999997,219199,-21346141.775,210507,-2136832.325,21384,-66447600.62499999,-11142397.872499999
8.0,2,12,1.0,0.4,-23338388.000000004,150353,-22326463.9,145877,-20782077.099999998,139897,-2477379.6,15240,-66446929.0,-11329598.129999999
8.0,1,20,0.5,0.4,-22502868.500000004,235379,-23918501.85,236025,-20842891.449999996,229408,-2366749.7,23422,-67264261.80000001,-11391351.605
8.0,1,14,0.75,0.2,-25837043.287500005,210935,-23762823.9375,195371,-18346658.55,184492,-2327645.2875,19090,-67946525.775,-11472183.774375001
8.0,3,20,0.5,0.4,-22693726.0,235279,-23968903.450000003,235925,-21355842.599999998,229308,-2380560.25,23322,-68018472.05,-11512078.945
8.0,1,12,1.0,0.6,-25064688.100000005,150403,-24144034.75,145927,-18225266.6,139947,-2680724.15,15290,-67433989.45000002,-11589496.700000001
8.0,1,16,0.5,0.8,-24041963.799999993,221944,-24189455.400000002,219249,-20793918.900000002,210557,-2321113.0,21434,-69025338.1,-11630412.865
8.0,3,14,0.75,0.2,-26073119.999999996,210835,-23656567.499999996,195271,-19348475.887500003,184392,-2332919.4,18990,-69078163.38749999,-11644830.178124998
8.0,3,16,0.5,0.8,-24190073.649999995,221844,-24145587.5,219149,-21393301.299999997,210457,-2298831.8,21334,-69728962.44999999,-11723701.857499998
8.0,3,12,1.0,0.6,-25044604.700000003,150303,-24075491.950000003,145827,-19533488.8,139847,-2646188.0999999996,15190,-68653585.45,-11753441.2725
8.0,2,20,0.5,0.4,-22963475.249999996,235329,-23871666.650000002,235975,-23092964.599999998,229358,-2380505.3499999996,23372,-69928106.5,-11798493.917499999
8.0,2,16,0.5,0.8,-24466621.400000002,221894,-24157632.900000002,219199,-23053680.95,210507,-2303554.6,21384,-71677935.25,-12018645.3175
8.0,2,14,0.75,0.2,-26493998.3625,210885,-23713869.225,195321,-21790619.999999996,184442,-2334687.4125,19040,-71998487.5875,-12083851.215
8.0,2,12,1.0,0.6,-25353284.249999996,150353,-24234404.35,145877,-22635894.900000006,139897,-2687105.9,15240,-72223583.5,-12311445.770000001
8.0,1,20,0.5,0.6,-24435941.249999996,235379,-25935068.024999995,236025,-22843354.675000004,229408,-2565902.675,23422,-73214363.94999999,-12393401.063749999
8.0,1,16,0.5,1.0,-25811992.0,221944,-25942977.125,219249,-22501875.5,210557,-2488188.875,21434,-74256844.625,-12507030.575
8.0,3,20,0.5,0.6,-24625933.375,235279,-25984688.924999997,235925,-23355380.525000002,229308,-2578886.75,23322,-73966002.825,-12513288.13625
8.0,1,12,1.0,0.8,-27080260.8,150403,-26052590.999999996,145927,-20079803.299999997,139947,-2891074.1999999997,15290,-73212655.1,-12571989.074999997
8.0,3,16,0.5,1.0,-25959313.375,221844,-25898348.0,219149,-23100439.25,210457,-2465198.875,21334,-74958100.625,-12599574.474999998
8.0,1,14,0.75,0.4,-28286072.700000003,210935,-25969865.250000007,195371,-20451951.6,184492,-2540348.3249999997,19090,-74707889.55000001,-12603375.011250002
8.0,3,12,1.0,0.8,-27058829.099999998,150303,-25982746.599999998,145827,-21386559.9,139847,-2855356.8000000003,15190,-74428135.6,-12734666.579999998
8.0,3,14,0.75,0.4,-28520952.375000004,210835,-25862541.0,195271,-21452595.524999995,184392,-2544604.0500000003,18990,-75836088.89999999,-12774945.5625
8.0,2,20,0.5,0.6,-24896138.375,235329,-25887856.349999994,235975,-25092931.400000006,229358,-2579272.5250000004,23372,-75876926.125,-12800138.807500001
8.0,2,16,0.5,1.0,-26236264.125,221894,-25910785.625,219199,-24761220.125,210507,-2470276.875,21384,-76908269.875,-12894892.7625
8.0,2,14,0.75,0.4,-28942421.099999998,210885,-25920398.325,195321,-23895328.125,184442,-2546872.1999999997,19040,-78758147.55,-13214501.8425
8.0,2,12,1.0,0.8,-27368180.500000007,150353,-26142344.8,145877,-24489712.700000003,139897,-2896832.2,15240,-78000238.00000001,-13293293.41
8.0,1,20,0.5,0.8,-26369014.000000004,235379,-27951634.200000007,236025,-24843817.9,229408,-2765055.65,23422,-79164466.10000001,-13395450.5225
8.0,1,16,0.75,0.2,-28097818.799999993,221944,-28393335.3375,219249,-23505073.650000002,210557,-2729828.0625,21434,-79996227.7875,-13500839.6025
8.0,3,20,0.5,0.8,-26558140.749999993,235279,-28000474.4,235925,-25354918.45,229308,-2777213.25,23322,-79913533.6,-13514497.327499999
8.0,1,12,1.0,1.0,-29095833.5,150403,-27961147.25,145927,-21934340.0,139947,-3101424.25,15290,-78991320.75,-13554481.45
8.0,3,16,0.75,0.2,-28323531.712499995,221844,-28330959.0,219149,-24407831.174999997,210457,-2699595.8625,21334,-81062321.88749999,-13644126.007499998
8.0,3,12,1.0,1.0,-29073053.5,150303,-27890001.25,145827,-23239631.0,139847,-3064525.5,15190,-80202685.75,-13715891.887500001
8.0,1,14,0.75,0.6,-30735102.112499997,210935,-28176906.562499993,195371,-22557244.650000002,184492,-2753051.3625000003,19090,-81469253.32499999,-13734566.248125
8.0,2,20,0.5,0.8,-26828801.499999996,235329,-27904046.050000004,235975,-27092898.199999996,229358,-2778039.7,23372,-81825745.75,-13801783.6975
8.0,3,14,0.75,0.6,-30968784.749999996,210835,-28068514.500000004,195271,-23556715.162500005,184392,-2756288.6999999997,18990,-82594014.41250001,-13905060.946875
8.0,2,16,0.75,0.2,-28736539.8375,221894,-28347262.087500006,219199,-26896595.1375,210507,-2705081.6625,21384,-83980397.0625,-14084854.473749999
8.0,2,12,1.0,1.0,-29383076.75,150353,-28050285.25,145877,-26343530.5,139897,-3106558.5,15240,-83776892.5,-14275141.049999999
8.0,2,14,0.75,0.6,-31390843.837500002,210885,-28126927.425,195321,-26000036.25,184442,-2759056.9875000003,19040,-85517807.5125,-14345152.47
8.0,1,20,0.5,1.0,-28302086.75,235379,-29968200.375,236025,-26844281.125,229408,-2964208.625,23422,-85114568.25,-14397499.98125
8.0,3,20,0.5,1.0,-28490348.125,235279,-30016259.875,235925,-27354456.375,229308,-2975539.75,23322,-85861064.375,-14515706.51875
8.0,2,20,0.5,1.0,-28761464.625,235329,-29920235.75,235975,-29092865.0,229358,-2976806.875,23372,-87774565.375,-14803428.587499999
8.0,1,16,0.75,0.4,-30752861.099999994,221944,-31023617.925,219249,-26067008.549999997,210557,-2980441.875,21434,-87843487.57499999,-14815766.167499997
8.0,1,14,0.75,0.8,-33184131.524999995,210935,-30383947.875000004,195371,-24662537.7,184492,-2965754.4,19090,-88230617.1,-14865757.484999998
8.0,3,16,0.75,0.4,-30977391.3,221844,-30960099.749999996,219149,-26968538.1,210457,-2949146.475,21334,-88906029.15,-14957934.93375
8.0,3,14,0.75,0.8,-33416617.125000004,210835,-30274488.000000004,195271,-25660834.799999997,184392,-2967973.35,18990,-89351939.92500001,-15035176.33125
8.0,1,14,1.0,0.2,-34449391.05,210935,-31683765.249999993,195371,-24462211.399999995,184492,-3103527.0500000007,19090,-90595367.69999999,-15296245.032499997
8.0,2,16,0.75,0.4,-31391003.924999997,221894,-30976991.174999993,219199,-29457903.900000002,210507,-2955165.075,21384,-91825899.0,-15399225.64125
8.0,2,14,0.75,0.8,-33839266.574999996,210885,-30333456.525000002,195321,-28104744.375000004,184442,-2971241.775,19040,-92277467.475,-15475803.0975
8.0,3,14,1.0,0.2,-34764159.99999999,210835,-31542090.000000004,195271,-25797967.85,184392,-3110559.1999999997,18990,-92104217.85,-15526440.237499999
8.0,1,20,0.75,0.2,-30854693.625000007,235379,-32852903.512500007,236025,-28263642.3375,229408,-3251395.0875000004,23422,-91971239.47500002,-15583953.219375003
8.0,3,20,0.75,0.2,-31142277.937499993,235279,-32929676.9625,235925,-29034457.01249999,229308,-3273350.625,23322,-93106411.91249998,-15766304.630624998
8.0,1,14,0.75,1.0,-35633160.9375,210935,-32590989.1875,195371,-26767830.75,184492,-3178457.4375,19090,-94991980.875,-15996948.721875
8.0,2,14,1.0,0.2,-35325331.15,210885,-31618492.3,195321,-29054160.000000004,184442,-3112916.5500000003,19040,-95997983.45,-16111801.62
8.0,1,16,0.75,0.6,-33407903.400000006,221944,-33653900.5125,219249,-28628943.450000003,210557,-3231055.6875,21434,-95690747.36250001,-16130692.7325
8.0,3,14,0.75,1.0,-35864449.5,210835,-32480461.5,195271,-27764954.4375,184392,-3179658.0,18990,-96109865.4375,-16165291.715625001
8.0,2,20,0.75,0.2,-31546218.187499996,235329,-32783215.425000004,235975,-31639496.699999996,229358,-3272607.2625,23372,-95968930.3125,-16195273.54125
8.0,3,16,0.75,0.6,-33631250.8875,221844,-33589240.5,219149,-29529245.024999995,210457,-3198697.0875,21334,-96749736.4125,-16271743.86
8.0,2,14,0.75,1.0,-36287689.3125,210885,-32539985.625,195321,-30209452.5,184442,-3183426.5625,19040,-99037127.4375,-16606453.725
8.0,2,16,0.75,0.6,-34045468.0125,221894,-33606720.2625,219199,-32019212.662499998,210507,-3205248.4875,21384,-99671400.9375,-16713596.80875
8.0,1,14,1.0,0.4,-37714763.60000001,210935,-34626487.0,195371,-27269268.799999997,184492,-3387131.1,19090,-99610519.4,-16804500.015
8.0,3,14,1.0,0.4,-38027936.5,210835,-34483387.99999999,195271,-28603460.700000003,184392,-3392805.4,18990,-101114785.2,-17033260.75
8.0,1,20,0.75,0.4,-33754302.74999999,235379,-35877752.775,236025,-31264337.175,229408,-3550124.5500000003,23422,-100896392.69999999,-17087027.4075
8.0,3,20,0.75,0.4,-34040589.0,235279,-35953355.175,235925,-32033763.9,229308,-3570840.375,23322,-102027708.07499999,-17268118.4175
8.0,1,16,0.75,0.8,-36062945.70000001,221944,-36284183.099999994,219249,-31190878.35,210557,-3481669.5,21434,-103538007.15,-17445619.297500003
8.0,3,16,0.75,0.8,-36285110.475,221844,-36218381.25,219149,-32089951.95,210457,-3448247.7,21334,-104593443.675,-17585552.78625
8.0,2,14,1.0,0.4,-38589894.800000004,210885,-34560531.099999994,195321,-31860437.499999993,184442,-3395829.6,19040,-105010863.4,-17619335.79
8.0,2,20,0.75,0.4,-34445212.875,235329,-35807499.974999994,235975,-34639446.9,229358,-3570758.0250000004,23372,-104892159.75,-17697740.87625
8.0,1,16,1.0,0.2,-37463758.400000006,221944,-37857780.45,219249,-31340098.200000003,210557,-3639770.75,21434,-106661637.05000001,-18001119.470000003
8.0,2,16,0.75,0.8,-36699932.099999994,221894,-36236449.349999994,219199,-34580521.425000004,210507,-3455331.9,21384,-107516902.875,-18027967.976249997
8.0,3,16,1.0,0.2,-37764708.949999996,221844,-37774612.0,219149,-32543774.899999995,210457,-3599461.15,21334,-108083095.84999998,-18192168.009999998
8.0,1,14,1.0,0.6,-40980136.15,210935,-37569208.75000001,195371,-30076326.200000003,184492,-3670735.15,19090,-108625671.10000001,-18312754.9975
8.0,3,14,1.0,0.6,-41291713.0,210835,-37424686.00000001,195271,-31408953.549999993,184392,-3675051.5999999996,18990,-110125352.55,-18540081.2625
8.0,1,20,0.75,0.6,-36653911.875,235379,-38902602.0375,236025,-34265032.0125,229408,-3848854.0124999997,23422,-109821545.925,-18590101.595625
8.0,1,16,0.75,1.0,-38717988.0,221944,-38914465.6875,219249,-33752813.25,210557,-3732283.3125,21434,-111385266.9375,-18760545.8625
8.0,3,20,0.75,0.6,-36938900.0625,235279,-38977033.3875,235925,-35033070.78750001,229308,-3868330.125,23322,-110949004.23750001,-18769932.204375
8.0,2,16,1.0,0.2,-38315386.45000001,221894,-37796349.45,219199,-35862126.849999994,210507,-3606775.55,21384,-111973862.75,-18779805.965
8.0,3,16,0.75,1.0,-38938970.0625,221844,-38847522.0,219149,-34650658.875,210457,-3697798.3125,21334,-112437150.9375,-18899361.7125
8.0,2,14,1.0,0.6,-41854458.449999996,210885,-37502569.900000006,195321,-34666715.00000001,184442,-3678742.65,19040,-114023743.35,-19126869.96
8.0,2,20,0.75,0.6,-37344207.5625,235329,-38831784.525000006,235975,-37639397.1,229358,-3868908.7874999996,23372,-113815389.1875,-19200208.21125
8.0,2,16,0.75,1.0,-39354396.1875,221894,-38866178.4375,219199,-37141830.1875,210507,-3705415.3125,21384,-115362404.8125,-19342339.14375
8.0,1,16,1.0,0.4,-41003814.79999999,221944,-41364823.90000001,219249,-34756011.4,210557,-3973922.5,21434,-117124650.1,-19754354.89
8.0,1,14,1.0,0.8,-44245508.7,210935,-40511930.500000015,195371,-32883383.6,184492,-3954339.2,19090,-117640822.80000001,-19821009.98
8.0,3,16,1.0,0.4,-41303188.400000006,221844,-41280133.00000001,219149,-35958050.800000004,210457,-3932195.3,21334,-118541372.20000002,-19943913.245
8.0,3,14,1.0,0.8,-44555489.5,210835,-40365983.99999999,195271,-34214446.4,184392,-3957297.8000000003,18990,-119135919.9,-20046901.775
8.0,1,20,0.75,0.8,-39553520.99999999,235379,-41927451.300000004,236025,-37265726.85000001,229408,-4147583.475,23422,-118746699.15,-20093175.78375
8.0,3,20,0.75,0.8,-39837211.125,235279,-42000711.6,235925,-38032377.67500001,229308,-4165819.875,23322,-119870300.4,-20271745.99125
8.0,2,16,1.0,0.4,-41854671.900000006,221894,-41302654.9,219199,-39277205.2,210507,-3940220.1,21384,-122434532.00000001,-20532300.855
8.0,2,14,1.0,0.8,-45119022.1,210885,-40444608.7,195321,-37472992.5,184442,-3961655.7,19040,-123036623.30000001,-20634404.130000003
8.0,2,20,0.75,0.8,-40243202.25000001,235329,-41856069.074999996,235975,-40639347.300000004,229358,-4167059.55,23372,-122738618.625,-20702675.54625
8.0,1,20,1.0,0.2,-41139591.49999999,235379,-43803871.349999994,236025,-37684856.45,229408,-4335193.45,23422,-122628319.3,-20778604.292499997
8.0,3,20,1.0,0.2,-41523037.25,235279,-43906235.949999996,235925,-38712609.35,229308,-4364467.5,23322,-124141882.54999998,-21021739.507499997
8.0,1,14,1.0,1.0,-47510881.25,210935,-43454652.25,195371,-35690441.0,184492,-4237943.25,19090,-126655974.5,-21329264.9625
8.0,1,16,1.0,0.6,-44543871.2,221944,-44871867.349999994,219249,-38171924.6,210557,-4308074.25,21434,-127587663.15,-21507590.310000002
8.0,3,14,1.0,1.0,-47819266.0,210835,-43307282.0,195271,-37019939.25,184392,-4239544.0,18990,-128146487.25,-21553722.287499998
8.0,2,20,1.0,0.2,-42061624.25,235329,-43710953.9,235975,-42185995.6,229358,-4363476.350000001,23372,-127958573.75,-21593698.055
8.0,1,20,0.75,1.0,-42453130.125,235379,-44952300.5625,236025,-40266421.6875,229408,-4446312.9375,23422,-127671852.375,-21596249.971875
8.0,3,16,1.0,0.6,-44841667.85,221844,-44785653.99999999,219149,-39372326.699999996,210457,-4264929.45,21334,-128999648.54999998,-21695658.479999997
8.0,3,20,0.75,1.0,-42735522.1875,235279,-45024389.8125,235925,-41031684.5625,229308,-4463309.625,23322,-128791596.5625,-21773559.778125
8.0,2,14,1.0,1.0,-48383585.75,210885,-43386647.5,195321,-40279270.0,184442,-4244568.75,19040,-132049503.25,-22141938.3
8.0,2,20,0.75,1.0,-43142196.9375,235329,-44880353.625,235975,-43639297.5,229358,-4465210.3125,23372,-131661848.0625,-22205142.881249998
8.0,2,16,1.0,0.6,-45393957.34999999,221894,-44808960.349999994,219199,-42692283.55,210507,-4273664.65,21384,-132895201.24999999,-22284795.744999997
8.0,1,20,1.0,0.4,-45005737.00000001,235379,-47837003.7,236025,-41685782.89999999,229408,-4733499.4,23422,-134528523.60000002,-22782703.21
8.0,3,20,1.0,0.4,-45387452.0,235279,-47937806.900000006,235925,-42711685.199999996,229308,-4761120.5,23322,-136036944.1,-23024157.89
8.0,1,16,1.0,0.8,-48083927.59999999,221944,-48378910.800000004,219249,-41587837.800000004,210557,-4642226.0,21434,-138050676.2,-23260825.73
8.0,3,16,1.0,0.8,-48380147.29999999,221844,-48291175.0,219149,-42786602.599999994,210457,-4597663.6,21334,-139457924.89999998,-23447403.714999996
8.0,2,20,1.0,0.4,-45926950.49999999,235329,-47743333.300000004,235975,-46185929.199999996,229358,-4761010.699999999,23372,-139856213.0,-23596987.834999997
8.0,2,16,1.0,0.8,-48933242.800000004,221894,-48315265.800000004,219199,-46107361.9,210507,-4607109.2,21384,-143355870.5,-24037290.635
8.0,1,20,1.0,0.6,-48871882.49999999,235379,-51870136.04999999,236025,-45686709.35000001,229408,-5131805.35,23422,-146428727.89999998,-24786802.127499998
8.0,1,16,1.0,1.0,-51623984.0,221944,-51885954.25,219249,-45003751.0,210557,-4976377.75,21434,-148513689.25,-25014061.15
8.0,3,20,1.0,0.6,-49251866.75,235279,-51969377.849999994,235925,-46710761.050000004,229308,-5157773.5,23322,-147932005.65,-25026576.2725
8.0,3,16,1.0,1.0,-51918626.75,221844,-51796696.0,219149,-46200878.5,210457,-4930397.75,21334,-149916201.25,-25199148.949999996
8.0,2,20,1.0,0.6,-49792276.75,235329,-51775712.69999999,235975,-50185862.80000001,229358,-5158545.050000001,23372,-151753852.25,-25600277.615000002
8.0,2,16,1.0,1.0,-52472528.25,221894,-51821571.25,219199,-49522440.25,210507,-4940553.75,21384,-153816539.75,-25789785.525
8.0,1,20,1.0,0.8,-52738028.00000001,235379,-55903268.40000001,236025,-49687635.8,229408,-5530111.3,23422,-158328932.20000002,-26790901.045
8.0,3,20,1.0,0.8,-53116281.499999985,235279,-56000948.8,235925,-50709836.9,229308,-5554426.5,23322,-159827067.2,-27028994.654999997
8.0,2,20,1.0,0.8,-53657602.99999999,235329,-55808092.10000001,235975,-54185796.39999999,229358,-5556079.4,23372,-163651491.5,-27603567.395
8.0,1,20,1.0,1.0,-56604173.5,235379,-59936400.75,236025,-53688562.25,229408,-5928417.25,23422,-170229136.5,-28794999.9625
8.0,3,20,1.0,1.0,-56980696.25,235279,-60032519.75,235925,-54708912.75,229308,-5951079.5,23322,-171722128.75,-29031413.0375
8.0,2,20,1.0,1.0,-57522929.25,235329,-59840471.5,235975,-58185730.0,229358,-5953613.75,23372,-175549130.75,-29606857.174999997
